ftp.mozilla.org/pub/mozilla.org/firefox/nightly/2009/07/2009-07-23-03-electrolysis/firefox-3.6a1pre.en-US.linux-i686.tar.bz2,20090723031540,1.9.2a1pre,1aec04173c58,electrolysis
ftp.mozilla.org/pub/mozilla.org/firefox/nightly/2009/07/2009-07-24-03-electrolysis/firefox-3.6a1pre.en-US.linux-i686.tar.bz2,20090724031955,1.9.2a1pre,c3dd3518fd70,electrolysis
ftp.mozilla.org/pub/mozilla.org/firefox/nightly/2009/07/2009-07-25-03-electrolysis/firefox-3.6a1pre.en-US.linux-i686.tar.bz2,20090725032020,1.9.2a1pre,9e528a72d1dd,electrolysis
ftp.mozilla.org/pub/mozilla.org/firefox/nightly/2009/07/2009-07-26-03-electrolysis/firefox-3.6a1pre.en-US.linux-i686.tar.bz2,20090726031942,1.9.2a1pre,9e528a72d1dd,electrolysis
ftp.mozilla.org/pub/mozilla.org/firefox/nightly/2009/07/2009-07-27-03-electrolysis/firefox-3.6a1pre.en-US.linux-i686.tar.bz2,20090727034853,1.9.2a1pre,9e528a72d1dd,electrolysis
ftp.mozilla.org/pub/mozilla.org/firefox/nightly/2009/07/2009-07-28-03-electrolysis/firefox-3.6a1pre.en-US.linux-i686.tar.bz2,20090728032512,1.9.2a1pre,9969da8c718a,electrolysis
ftp.mozilla.org/pub/mozilla.org/firefox/nightly/2009/07/2009-07-29-03-electrolysis/firefox-3.6a1pre.en-US.linux-i686.tar.bz2,20090729031822,1.9.2a1pre,4ed1c307b8c9,electrolysis
ftp.mozilla.org/pub/mozilla.org/firefox/nightly/2009/07/2009-07-30-03-electrolysis/firefox-3.6a1pre.en-US.linux-i686.tar.bz2,20090730032209,1.9.2a1pre,b84bebe9bd47,electrolysis
ftp.mozilla.org/pub/mozilla.org/firefox/nightly/2009/07/2009-07-31-05-electrolysis/firefox-3.6a1pre.en-US.linux-i686.tar.bz2,20090731054703,1.9.2a1pre,57a83b86c292,electrolysis
ftp.mozilla.org/pub/mozilla.org/firefox/nightly/2009/08/2009-08-01-03-electrolysis/firefox-3.6a1pre.en-US.linux-i686.tar.bz2,20090801031631,1.9.2a1pre,57a83b86c292,electrolysis
ftp.mozilla.org/pub/mozilla.org/firefox/nightly/2009/08/2009-08-02-03-electrolysis/firefox-3.6a1pre.en-US.linux-i686.tar.bz2,20090802032700,1.9.2a1pre,57a83b86c292,electrolysis
ftp.mozilla.org/pub/mozilla.org/firefox/nightly/2009/08/2009-08-03-03-electrolysis/firefox-3.6a1pre.en-US.linux-i686.tar.bz2,20090803030916,1.9.2a1pre,57a83b86c292,electrolysis
ftp.mozilla.org/pub/mozilla.org/firefox/nightly/2009/08/2009-08-04-03-electrolysis/firefox-3.6a1pre.en-US.linux-i686.tar.bz2,20090804032821,1.9.2a1pre,57a83b86c292,electrolysis
ftp.mozilla.org/pub/mozilla.org/firefox/nightly/2009/08/2009-08-05-03-electrolysis/firefox-3.6a1pre.en-US.linux-i686.tar.bz2,20090805031539,1.9.2a1pre,57a83b86c292,electrolysis
ftp.mozilla.org/pub/mozilla.org/firefox/nightly/2009/08/2009-08-06-03-electrolysis/firefox-3.6a1pre.en-US.linux-i686.tar.bz2,20090806031454,1.9.2a1pre,b9ddae075097,electrolysis
ftp.mozilla.org/pub/mozilla.org/firefox/nightly/2009/08/2009-08-07-03-electrolysis/firefox-3.6a1pre.en-US.linux-i686.tar.bz2,20090807032154,1.9.2a1pre,412b0a03c1cf,electrolysis
ftp.mozilla.org/pub/mozilla.org/firefox/nightly/2009/08/2009-08-08-03-electrolysis/firefox-3.6a1pre.en-US.linux-i686.tar.bz2,20090808031806,1.9.2a1pre,b5be2c934b8f,electrolysis
ftp.mozilla.org/pub/mozilla.org/firefox/nightly/2009/08/2009-08-09-03-electrolysis/firefox-3.6a1pre.en-US.linux-i686.tar.bz2,20090809031236,1.9.2a1pre,b5be2c934b8f,electrolysis
ftp.mozilla.org/pub/mozilla.org/firefox/nightly/2009/08/2009-08-10-03-electrolysis/firefox-3.6a1pre.en-US.linux-i686.tar.bz2,20090810035040,1.9.2a1pre,b5be2c934b8f,electrolysis
ftp.mozilla.org/pub/mozilla.org/firefox/nightly/2009/08/2009-08-11-03-electrolysis/firefox-3.6a1pre.en-US.linux-i686.tar.bz2,20090811032556,1.9.2a1pre,c7893c113e68,electrolysis
ftp.mozilla.org/pub/mozilla.org/firefox/nightly/2009/08/2009-08-12-03-electrolysis/firefox-3.6a1pre.en-US.linux-i686.tar.bz2,20090812031847,1.9.2a1pre,5acc2c6af15f,electrolysis
ftp.mozilla.org/pub/mozilla.org/firefox/nightly/2009/08/2009-08-13-03-electrolysis/firefox-3.6a1pre.en-US.linux-i686.tar.bz2,20090813031559,1.9.2a1pre,c20a46f6c859,electrolysis
ftp.mozilla.org/pub/mozilla.org/firefox/nightly/2009/08/2009-08-15-03-electrolysis/firefox-3.6a1pre.en-US.linux-i686.tar.bz2,20090815032507,1.9.2a1pre,601a02ccacf9,electrolysis
ftp.mozilla.org/pub/mozilla.org/firefox/nightly/2009/08/2009-08-16-03-electrolysis/firefox-3.6a1pre.en-US.linux-i686.tar.bz2,20090816032329,1.9.2a1pre,601a02ccacf9,electrolysis
ftp.mozilla.org/pub/mozilla.org/firefox/nightly/2009/08/2009-08-18-04-electrolysis/firefox-3.6a1pre.en-US.linux-i686.tar.bz2,20090818041344,1.9.2a1pre,601a02ccacf9,electrolysis
ftp.mozilla.org/pub/mozilla.org/firefox/nightly/2009/08/2009-08-19-05-electrolysis/firefox-3.6a1pre.en-US.linux-i686.tar.bz2,20090819054437,1.9.2a1pre,d1b77333a873,electrolysis
ftp.mozilla.org/pub/mozilla.org/firefox/nightly/2009/08/2009-08-20-04-electrolysis/firefox-3.6a1pre.en-US.linux-i686.tar.bz2,20090820043446,1.9.2a1pre,c3b494310a9f,electrolysis
ftp.mozilla.org/pub/mozilla.org/firefox/nightly/2009/08/2009-08-21-04-electrolysis/firefox-3.6a1pre.en-US.linux-i686.tar.bz2,20090821043045,1.9.2a1pre,c3b494310a9f,electrolysis
ftp.mozilla.org/pub/mozilla.org/firefox/nightly/2009/08/2009-08-22-04-electrolysis/firefox-3.6a1pre.en-US.linux-i686.tar.bz2,20090822042728,1.9.2a1pre,c3b494310a9f,electrolysis
ftp.mozilla.org/pub/mozilla.org/firefox/nightly/2009/08/2009-08-23-04-electrolysis/firefox-3.6a1pre.en-US.linux-i686.tar.bz2,20090823042114,1.9.2a1pre,c3b494310a9f,electrolysis
ftp.mozilla.org/pub/mozilla.org/firefox/nightly/2009/08/2009-08-24-04-electrolysis/firefox-3.6a1pre.en-US.linux-i686.tar.bz2,20090824042343,1.9.2a1pre,c3b494310a9f,electrolysis
ftp.mozilla.org/pub/mozilla.org/firefox/nightly/2009/08/2009-08-26-04-electrolysis/firefox-3.6a1pre.en-US.linux-i686.tar.bz2,20090826043554,1.9.2a1pre,5031157fc378,electrolysis
ftp.mozilla.org/pub/mozilla.org/firefox/nightly/2009/08/2009-08-27-04-electrolysis/firefox-3.7a1pre.en-US.linux-i686.tar.bz2,20090827043006,1.9.3a1pre,ef5eac530f66,electrolysis
ftp.mozilla.org/pub/mozilla.org/firefox/nightly/2009/08/2009-08-28-04-electrolysis/firefox-3.7a1pre.en-US.linux-i686.tar.bz2,20090828043848,1.9.3a1pre,8efc56c31e89,electrolysis
ftp.mozilla.org/pub/mozilla.org/firefox/nightly/2009/08/2009-08-29-04-electrolysis/firefox-3.7a1pre.en-US.linux-i686.tar.bz2,20090829043848,1.9.3a1pre,cc6a5092ce5b,electrolysis
ftp.mozilla.org/pub/mozilla.org/firefox/nightly/2009/08/2009-08-30-04-electrolysis/firefox-3.7a1pre.en-US.linux-i686.tar.bz2,20090830042410,1.9.3a1pre,cc6a5092ce5b,electrolysis
ftp.mozilla.org/pub/mozilla.org/firefox/nightly/2009/08/2009-08-31-04-electrolysis/firefox-3.7a1pre.en-US.linux-i686.tar.bz2,20090831043606,1.9.3a1pre,cc6a5092ce5b,electrolysis
ftp.mozilla.org/pub/mozilla.org/firefox/nightly/2009/09/2009-09-02-04-electrolysis/firefox-3.7a1pre.en-US.linux-i686.tar.bz2,20090902040534,1.9.3a1pre,282dc5ba7dd7,electrolysis
ftp.mozilla.org/pub/mozilla.org/firefox/nightly/2009/09/2009-09-03-04-electrolysis/firefox-3.7a1pre.en-US.linux-i686.tar.bz2,20090903041015,1.9.3a1pre,d9eae79a0e69,electrolysis
ftp.mozilla.org/pub/mozilla.org/firefox/nightly/2009/09/2009-09-04-04-electrolysis/firefox-3.7a1pre.en-US.linux-i686.tar.bz2,20090904041201,1.9.3a1pre,bda3398cbb79,electrolysis
ftp.mozilla.org/pub/mozilla.org/firefox/nightly/2009/09/2009-09-05-04-electrolysis/firefox-3.7a1pre.en-US.linux-i686.tar.bz2,20090905040756,1.9.3a1pre,bda3398cbb79,electrolysis
ftp.mozilla.org/pub/mozilla.org/firefox/nightly/2009/09/2009-09-07-04-electrolysis/firefox-3.7a1pre.en-US.linux-i686.tar.bz2,20090907040848,1.9.3a1pre,bda3398cbb79,electrolysis
ftp.mozilla.org/pub/mozilla.org/firefox/nightly/2009/09/2009-09-08-04-electrolysis/firefox-3.7a1pre.en-US.linux-i686.tar.bz2,20090908040716,1.9.3a1pre,bda3398cbb79,electrolysis
ftp.mozilla.org/pub/mozilla.org/firefox/nightly/2009/09/2009-09-09-04-electrolysis/firefox-3.7a1pre.en-US.linux-i686.tar.bz2,20090909040534,1.9.3a1pre,33ec43a38826,electrolysis
ftp.mozilla.org/pub/mozilla.org/firefox/nightly/2009/09/2009-09-10-04-electrolysis/firefox-3.7a1pre.en-US.linux-i686.tar.bz2,20090910040831,1.9.3a1pre,9a2285400216,electrolysis
ftp.mozilla.org/pub/mozilla.org/firefox/nightly/2009/09/2009-09-11-04-electrolysis/firefox-3.7a1pre.en-US.linux-i686.tar.bz2,20090911040616,1.9.3a1pre,9057b7265dba,electrolysis
ftp.mozilla.org/pub/mozilla.org/firefox/nightly/2009/09/2009-09-12-04-electrolysis/firefox-3.7a1pre.en-US.linux-i686.tar.bz2,20090912040534,1.9.3a1pre,3c2513b1cedd,electrolysis
ftp.mozilla.org/pub/mozilla.org/firefox/nightly/2009/09/2009-09-13-04-electrolysis/firefox-3.7a1pre.en-US.linux-i686.tar.bz2,20090913040606,1.9.3a1pre,b31931f99c75,electrolysis
ftp.mozilla.org/pub/mozilla.org/firefox/nightly/2009/09/2009-09-14-04-electrolysis/firefox-3.7a1pre.en-US.linux-i686.tar.bz2,20090914040708,1.9.3a1pre,b31931f99c75,electrolysis
ftp.mozilla.org/pub/mozilla.org/firefox/nightly/2009/09/2009-09-15-04-electrolysis/firefox-3.7a1pre.en-US.linux-i686.tar.bz2,20090915040704,1.9.3a1pre,a4337eda821f,electrolysis
ftp.mozilla.org/pub/mozilla.org/firefox/nightly/2009/09/2009-09-16-04-electrolysis/firefox-3.7a1pre.en-US.linux-i686.tar.bz2,20090916040940,1.9.3a1pre,c3cb0deac947,electrolysis
ftp.mozilla.org/pub/mozilla.org/firefox/nightly/2009/09/2009-09-17-04-electrolysis/firefox-3.7a1pre.en-US.linux-i686.tar.bz2,20090917040542,1.9.3a1pre,cb6ed6132f0e,electrolysis
ftp.mozilla.org/pub/mozilla.org/firefox/nightly/2009/09/2009-09-18-04-electrolysis/firefox-3.7a1pre.en-US.linux-i686.tar.bz2,20090918040858,1.9.3a1pre,4fe8c1c0c231,electrolysis
ftp.mozilla.org/pub/mozilla.org/firefox/nightly/2009/09/2009-09-19-04-electrolysis/firefox-3.7a1pre.en-US.linux-i686.tar.bz2,20090919040541,1.9.3a1pre,c74aee79ad4d,electrolysis
ftp.mozilla.org/pub/mozilla.org/firefox/nightly/2009/09/2009-09-21-04-electrolysis/firefox-3.7a1pre.en-US.linux-i686.tar.bz2,20090921040909,1.9.3a1pre,1eda83c8ac45,electrolysis
ftp.mozilla.org/pub/mozilla.org/firefox/nightly/2009/09/2009-09-22-04-electrolysis/firefox-3.7a1pre.en-US.linux-i686.tar.bz2,20090922040755,1.9.3a1pre,1dad436eaa99,electrolysis
ftp.mozilla.org/pub/mozilla.org/firefox/nightly/2009/09/2009-09-23-04-electrolysis/firefox-3.7a1pre.en-US.linux-i686.tar.bz2,20090923041413,1.9.3a1pre,11d11bec2346,electrolysis
ftp.mozilla.org/pub/mozilla.org/firefox/nightly/2009/09/2009-09-24-04-electrolysis/firefox-3.7a1pre.en-US.linux-i686.tar.bz2,20090924040755,1.9.3a1pre,5b9badfd1a05,electrolysis
ftp.mozilla.org/pub/mozilla.org/firefox/nightly/2009/09/2009-09-25-04-electrolysis/firefox-3.7a1pre.en-US.linux-i686.tar.bz2,20090925040541,1.9.3a1pre,1e34662e0b3a,electrolysis
ftp.mozilla.org/pub/mozilla.org/firefox/nightly/2009/09/2009-09-26-04-electrolysis/firefox-3.7a1pre.en-US.linux-i686.tar.bz2,20090926040535,1.9.3a1pre,7796b2eb23c3,electrolysis
ftp.mozilla.org/pub/mozilla.org/firefox/nightly/2009/09/2009-09-27-04-electrolysis/firefox-3.7a1pre.en-US.linux-i686.tar.bz2,20090927040707,1.9.3a1pre,7796b2eb23c3,electrolysis
ftp.mozilla.org/pub/mozilla.org/firefox/nightly/2009/09/2009-09-28-04-electrolysis/firefox-3.7a1pre.en-US.linux-i686.tar.bz2,20090928040531,1.9.3a1pre,7796b2eb23c3,electrolysis
ftp.mozilla.org/pub/mozilla.org/firefox/nightly/2009/09/2009-09-29-04-electrolysis/firefox-3.7a1pre.en-US.linux-i686.tar.bz2,20090929040834,1.9.3a1pre,7796b2eb23c3,electrolysis
ftp.mozilla.org/pub/mozilla.org/firefox/nightly/2009/09/2009-09-30-04-electrolysis/firefox-3.7a1pre.en-US.linux-i686.tar.bz2,20090930040736,1.9.3a1pre,3d5deab63882,electrolysis
ftp.mozilla.org/pub/mozilla.org/firefox/nightly/2009/10/2009-10-01-04-electrolysis/firefox-3.7a1pre.en-US.linux-i686.tar.bz2,20091001040755,1.9.3a1pre,69a72b23a311,electrolysis
ftp.mozilla.org/pub/mozilla.org/firefox/nightly/2009/10/2009-10-02-04-electrolysis/firefox-3.7a1pre.en-US.linux-i686.tar.bz2,20091002041117,1.9.3a1pre,69a72b23a311,electrolysis
ftp.mozilla.org/pub/mozilla.org/firefox/nightly/2009/10/2009-10-03-04-electrolysis/firefox-3.7a1pre.en-US.linux-i686.tar.bz2,20091003040654,1.9.3a1pre,69a72b23a311,electrolysis
ftp.mozilla.org/pub/mozilla.org/firefox/nightly/2009/10/2009-10-04-04-electrolysis/firefox-3.7a1pre.en-US.linux-i686.tar.bz2,20091004040554,1.9.3a1pre,69a72b23a311,electrolysis
ftp.mozilla.org/pub/mozilla.org/firefox/nightly/2009/10/2009-10-05-04-electrolysis/firefox-3.7a1pre.en-US.linux-i686.tar.bz2,20091005040903,1.9.3a1pre,69a72b23a311,electrolysis
ftp.mozilla.org/pub/mozilla.org/firefox/nightly/2009/10/2009-10-06-04-electrolysis/firefox-3.7a1pre.en-US.linux-i686.tar.bz2,20091006040819,1.9.3a1pre,192af0330171,electrolysis
ftp.mozilla.org/pub/mozilla.org/firefox/nightly/2009/10/2009-10-07-04-electrolysis/firefox-3.7a1pre.en-US.linux-i686.tar.bz2,20091007040739,1.9.3a1pre,5db6674097fe,electrolysis
ftp.mozilla.org/pub/mozilla.org/firefox/nightly/2009/10/2009-10-09-04-electrolysis/firefox-3.7a1pre.en-US.linux-i686.tar.bz2,20091009040755,1.9.3a1pre,c579d23e6b53,electrolysis
ftp.mozilla.org/pub/mozilla.org/firefox/nightly/2009/10/2009-10-10-04-electrolysis/firefox-3.7a1pre.en-US.linux-i686.tar.bz2,20091010041142,1.9.3a1pre,33a2340eed6d,electrolysis
ftp.mozilla.org/pub/mozilla.org/firefox/nightly/2009/10/2009-10-11-04-electrolysis/firefox-3.7a1pre.en-US.linux-i686.tar.bz2,20091011040807,1.9.3a1pre,33a2340eed6d,electrolysis
ftp.mozilla.org/pub/mozilla.org/firefox/nightly/2009/10/2009-10-12-04-electrolysis/firefox-3.7a1pre.en-US.linux-i686.tar.bz2,20091012041003,1.9.3a1pre,f60ca9f4f7b3,electrolysis
ftp.mozilla.org/pub/mozilla.org/firefox/nightly/2009/10/2009-10-13-04-electrolysis/firefox-3.7a1pre.en-US.linux-i686.tar.bz2,20091013040809,1.9.3a1pre,983651afeec7,electrolysis
ftp.mozilla.org/pub/mozilla.org/firefox/nightly/2009/10/2009-10-14-04-electrolysis/firefox-3.7a1pre.en-US.linux-i686.tar.bz2,20091014040758,1.9.3a1pre,6ff934b4b828,electrolysis
ftp.mozilla.org/pub/mozilla.org/firefox/nightly/2009/10/2009-10-17-04-electrolysis/firefox-3.7a1pre.en-US.linux-i686.tar.bz2,20091017040736,1.9.3a1pre,04b2a9336d83,electrolysis
ftp.mozilla.org/pub/mozilla.org/firefox/nightly/2009/10/2009-10-18-04-electrolysis/firefox-3.7a1pre.en-US.linux-i686.tar.bz2,20091018041436,1.9.3a1pre,04b2a9336d83,electrolysis
ftp.mozilla.org/pub/mozilla.org/firefox/nightly/2009/10/2009-10-19-04-electrolysis/firefox-3.7a1pre.en-US.linux-i686.tar.bz2,20091019040903,1.9.3a1pre,04b2a9336d83,electrolysis
ftp.mozilla.org/pub/mozilla.org/firefox/nightly/2009/10/2009-10-20-04-electrolysis/firefox-3.7a1pre.en-US.linux-i686.tar.bz2,20091020041004,1.9.3a1pre,3e15f80f0498,electrolysis
ftp.mozilla.org/pub/mozilla.org/firefox/nightly/2009/10/2009-10-22-04-electrolysis/firefox-3.7a1pre.en-US.linux-i686.tar.bz2,20091022040835,1.9.3a1pre,1f9b554f777d,electrolysis
ftp.mozilla.org/pub/mozilla.org/firefox/nightly/2009/10/2009-10-24-04-electrolysis/firefox-3.7a1pre.en-US.linux-i686.tar.bz2,20091024040919,1.9.3a1pre,6894db5c84a1,electrolysis
ftp.mozilla.org/pub/mozilla.org/firefox/nightly/2009/10/2009-10-25-04-electrolysis/firefox-3.7a1pre.en-US.linux-i686.tar.bz2,20091025041350,1.9.3a1pre,6894db5c84a1,electrolysis
ftp.mozilla.org/pub/mozilla.org/firefox/nightly/2009/10/2009-10-27-04-electrolysis/firefox-3.7a1pre.en-US.linux-i686.tar.bz2,20091027040901,1.9.3a1pre,6894db5c84a1,electrolysis
ftp.mozilla.org/pub/mozilla.org/firefox/nightly/2009/10/2009-10-28-04-electrolysis/firefox-3.7a1pre.en-US.linux-i686.tar.bz2,20091028041132,1.9.3a1pre,3671d6fbb982,electrolysis
ftp.mozilla.org/pub/mozilla.org/firefox/nightly/2009/10/2009-10-29-04-electrolysis/firefox-3.7a1pre.en-US.linux-i686.tar.bz2,20091029041503,1.9.3a1pre,c834e8f38b87,electrolysis
ftp.mozilla.org/pub/mozilla.org/firefox/nightly/2009/10/2009-10-30-04-electrolysis/firefox-3.7a1pre.en-US.linux-i686.tar.bz2,20091030041505,1.9.3a1pre,46ebd7e439dc,electrolysis
ftp.mozilla.org/pub/mozilla.org/firefox/nightly/2009/10/2009-10-31-04-electrolysis/firefox-3.7a1pre.en-US.linux-i686.tar.bz2,20091031040901,1.9.3a1pre,0f0ff5b8d5d0,electrolysis
ftp.mozilla.org/pub/mozilla.org/firefox/nightly/2009/11/2009-11-02-04-electrolysis/firefox-3.7a1pre.en-US.linux-i686.tar.bz2,20091102041206,1.9.3a1pre,72bbf8383143,electrolysis
ftp.mozilla.org/pub/mozilla.org/firefox/nightly/2009/11/2009-11-03-04-electrolysis/firefox-3.7a1pre.en-US.linux-i686.tar.bz2,20091103040823,1.9.3a1pre,777af746b294,electrolysis
ftp.mozilla.org/pub/mozilla.org/firefox/nightly/2009/11/2009-11-04-04-electrolysis/firefox-3.7a1pre.en-US.linux-i686.tar.bz2,20091104041414,1.9.3a1pre,b323e3f3af61,electrolysis
ftp.mozilla.org/pub/mozilla.org/firefox/nightly/2009/11/2009-11-05-04-electrolysis/firefox-3.7a1pre.en-US.linux-i686.tar.bz2,20091105041031,1.9.3a1pre,d14de7c14b41,electrolysis
ftp.mozilla.org/pub/mozilla.org/firefox/nightly/2009/11/2009-11-06-04-electrolysis/firefox-3.7a1pre.en-US.linux-i686.tar.bz2,20091106041106,1.9.3a1pre,4d9d74b3da6a,electrolysis
ftp.mozilla.org/pub/mozilla.org/firefox/nightly/2009/11/2009-11-07-04-electrolysis/firefox-3.7a1pre.en-US.linux-i686.tar.bz2,20091107041011,1.9.3a1pre,88f0199e8284,electrolysis
ftp.mozilla.org/pub/mozilla.org/firefox/nightly/2009/11/2009-11-09-04-electrolysis/firefox-3.7a1pre.en-US.linux-i686.tar.bz2,20091109042704,1.9.3a1pre,88f0199e8284,electrolysis
ftp.mozilla.org/pub/mozilla.org/firefox/nightly/2009/11/2009-11-10-04-electrolysis/firefox-3.7a1pre.en-US.linux-i686.tar.bz2,20091110041348,1.9.3a1pre,8212015ff29d,electrolysis
ftp.mozilla.org/pub/mozilla.org/firefox/nightly/2009/11/2009-11-11-04-electrolysis/firefox-3.7a1pre.en-US.linux-i686.tar.bz2,20091111041239,1.9.3a1pre,8014289bdafb,electrolysis
ftp.mozilla.org/pub/mozilla.org/firefox/nightly/2009/11/2009-11-12-05-electrolysis/firefox-3.7a1pre.en-US.linux-i686.tar.bz2,20091112054152,1.9.3a1pre,10176823ddc1,electrolysis
ftp.mozilla.org/pub/mozilla.org/firefox/nightly/2009/11/2009-11-13-04-electrolysis/firefox-3.7a1pre.en-US.linux-i686.tar.bz2,20091113040902,1.9.3a1pre,115f3d4699ca,electrolysis
ftp.mozilla.org/pub/mozilla.org/firefox/nightly/2009/11/2009-11-14-04-electrolysis/firefox-3.7a1pre.en-US.linux-i686.tar.bz2,20091114040918,1.9.3a1pre,fad684be12cf,electrolysis
ftp.mozilla.org/pub/mozilla.org/firefox/nightly/2009/11/2009-11-15-04-electrolysis/firefox-3.7a1pre.en-US.linux-i686.tar.bz2,20091115041359,1.9.3a1pre,fad684be12cf,electrolysis
ftp.mozilla.org/pub/mozilla.org/firefox/nightly/2009/11/2009-11-16-04-electrolysis/firefox-3.7a1pre.en-US.linux-i686.tar.bz2,20091116041352,1.9.3a1pre,fad684be12cf,electrolysis
ftp.mozilla.org/pub/mozilla.org/firefox/nightly/2009/11/2009-11-17-04-electrolysis/firefox-3.7a1pre.en-US.linux-i686.tar.bz2,20091117040902,1.9.3a1pre,1f3d37597416,electrolysis
ftp.mozilla.org/pub/mozilla.org/firefox/nightly/2009/11/2009-11-18-04-electrolysis/firefox-3.7a1pre.en-US.linux-i686.tar.bz2,20091118041129,1.9.3a1pre,090fc166ea4b,electrolysis
ftp.mozilla.org/pub/mozilla.org/firefox/nightly/2009/11/2009-11-19-04-electrolysis/firefox-3.7a1pre.en-US.linux-i686.tar.bz2,20091119040625,1.9.3a1pre,6b3ac4cfff1c,electrolysis
ftp.mozilla.org/pub/mozilla.org/firefox/nightly/2009/11/2009-11-20-04-electrolysis/firefox-3.7a1pre.en-US.linux-i686.tar.bz2,20091120041415,1.9.3a1pre,1c186849650e,electrolysis
ftp.mozilla.org/pub/mozilla.org/firefox/nightly/2009/11/2009-11-21-04-electrolysis/firefox-3.7a1pre.en-US.linux-i686.tar.bz2,20091121041140,1.9.3a1pre,e87bbd2bc85f,electrolysis
ftp.mozilla.org/pub/mozilla.org/firefox/nightly/2009/11/2009-11-22-12-electrolysis/firefox-3.7a1pre.en-US.linux-i686.tar.bz2,20091122124650,1.9.3a1pre,e87bbd2bc85f,electrolysis
ftp.mozilla.org/pub/mozilla.org/firefox/nightly/2009/11/2009-11-23-04-electrolysis/firefox-3.7a1pre.en-US.linux-i686.tar.bz2,20091123041012,1.9.3a1pre,e87bbd2bc85f,electrolysis
ftp.mozilla.org/pub/mozilla.org/firefox/nightly/2009/11/2009-11-24-04-electrolysis/firefox-3.7a1pre.en-US.linux-i686.tar.bz2,20091124041120,1.9.3a1pre,0ce2fd2badaa,electrolysis
ftp.mozilla.org/pub/mozilla.org/firefox/nightly/2009/11/2009-11-25-04-electrolysis/firefox-3.7a1pre.en-US.linux-i686.tar.bz2,20091125041415,1.9.3a1pre,4d8cb0be8c02,electrolysis
ftp.mozilla.org/pub/mozilla.org/firefox/nightly/2009/11/2009-11-26-04-electrolysis/firefox-3.7a1pre.en-US.linux-i686.tar.bz2,20091126040949,1.9.3a1pre,7515867b6cc5,electrolysis
ftp.mozilla.org/pub/mozilla.org/firefox/nightly/2009/11/2009-11-27-04-electrolysis/firefox-3.7a1pre.en-US.linux-i686.tar.bz2,20091127040731,1.9.3a1pre,7515867b6cc5,electrolysis
ftp.mozilla.org/pub/mozilla.org/firefox/nightly/2009/11/2009-11-28-04-electrolysis/firefox-3.7a1pre.en-US.linux-i686.tar.bz2,20091128041210,1.9.3a1pre,7515867b6cc5,electrolysis
ftp.mozilla.org/pub/mozilla.org/firefox/nightly/2009/11/2009-11-29-04-electrolysis/firefox-3.7a1pre.en-US.linux-i686.tar.bz2,20091129043612,1.9.3a1pre,7515867b6cc5,electrolysis
ftp.mozilla.org/pub/mozilla.org/firefox/nightly/2009/11/2009-11-30-04-electrolysis/firefox-3.7a1pre.en-US.linux-i686.tar.bz2,20091130041123,1.9.3a1pre,7515867b6cc5,electrolysis
ftp.mozilla.org/pub/mozilla.org/firefox/nightly/2009/12/2009-12-01-04-electrolysis/firefox-3.7a1pre.en-US.linux-i686.tar.bz2,20091201041228,1.9.3a1pre,4e0bbcc919a8,electrolysis
ftp.mozilla.org/pub/mozilla.org/firefox/nightly/2009/12/2009-12-02-04-electrolysis/firefox-3.7a1pre.en-US.linux-i686.tar.bz2,20091202041032,1.9.3a1pre,c945cf702edc,electrolysis
ftp.mozilla.org/pub/mozilla.org/firefox/nightly/2009/12/2009-12-03-04-electrolysis/firefox-3.7a1pre.en-US.linux-i686.tar.bz2,20091203041301,1.9.3a1pre,7ebfbec7521c,electrolysis
ftp.mozilla.org/pub/mozilla.org/firefox/nightly/2009/12/2009-12-04-04-electrolysis/firefox-3.7a1pre.en-US.linux-i686.tar.bz2,20091204041147,1.9.3a1pre,f7ca1228ab3c,electrolysis
ftp.mozilla.org/pub/mozilla.org/firefox/nightly/2009/12/2009-12-05-04-electrolysis/firefox-3.7a1pre.en-US.linux-i686.tar.bz2,20091205041337,1.9.3a1pre,c15b2b4cfbf2,electrolysis
ftp.mozilla.org/pub/mozilla.org/firefox/nightly/2009/12/2009-12-06-04-electrolysis/firefox-3.7a1pre.en-US.linux-i686.tar.bz2,20091206041020,1.9.3a1pre,51d0aea0390b,electrolysis
ftp.mozilla.org/pub/mozilla.org/firefox/nightly/2009/12/2009-12-07-04-electrolysis/firefox-3.7a1pre.en-US.linux-i686.tar.bz2,20091207040828,1.9.3a1pre,4bc50caad890,electrolysis
ftp.mozilla.org/pub/mozilla.org/firefox/nightly/2009/12/2009-12-08-04-electrolysis/firefox-3.7a1pre.en-US.linux-i686.tar.bz2,20091208040739,1.9.3a1pre,4bc50caad890,electrolysis
ftp.mozilla.org/pub/mozilla.org/firefox/nightly/2009/12/2009-12-09-04-electrolysis/firefox-3.7a1pre.en-US.linux-i686.tar.bz2,20091209040825,1.9.3a1pre,4bc50caad890,electrolysis
ftp.mozilla.org/pub/mozilla.org/firefox/nightly/2009/12/2009-12-10-04-electrolysis/firefox-3.7a1pre.en-US.linux-i686.tar.bz2,20091210041317,1.9.3a1pre,f9c0cc34ebe8,electrolysis
ftp.mozilla.org/pub/mozilla.org/firefox/nightly/2009/12/2009-12-11-04-electrolysis/firefox-3.7a1pre.en-US.linux-i686.tar.bz2,20091211041551,1.9.3a1pre,f9c0cc34ebe8,electrolysis
ftp.mozilla.org/pub/mozilla.org/firefox/nightly/2009/12/2009-12-12-04-electrolysis/firefox-3.7a1pre.en-US.linux-i686.tar.bz2,20091212040844,1.9.3a1pre,0fe0641b2c40,electrolysis
ftp.mozilla.org/pub/mozilla.org/firefox/nightly/2009/12/2009-12-13-04-electrolysis/firefox-3.7a1pre.en-US.linux-i686.tar.bz2,20091213040953,1.9.3a1pre,7078aafa574a,electrolysis
ftp.mozilla.org/pub/mozilla.org/firefox/nightly/2009/12/2009-12-14-04-electrolysis/firefox-3.7a1pre.en-US.linux-i686.tar.bz2,20091214041055,1.9.3a1pre,7078aafa574a,electrolysis
ftp.mozilla.org/pub/mozilla.org/firefox/nightly/2009/12/2009-12-15-04-electrolysis/firefox-3.7a1pre.en-US.linux-i686.tar.bz2,20091215041047,1.9.3a1pre,d7bbac64b5f6,electrolysis
ftp.mozilla.org/pub/mozilla.org/firefox/nightly/2009/12/2009-12-16-04-electrolysis/firefox-3.7a1pre.en-US.linux-i686.tar.bz2,20091216041349,1.9.3a1pre,9b065c96ac7d,electrolysis
ftp.mozilla.org/pub/mozilla.org/firefox/nightly/2009/12/2009-12-17-04-electrolysis/firefox-3.7a1pre.en-US.linux-i686.tar.bz2,20091217041514,1.9.3a1pre,69d5959d95cc,electrolysis
ftp.mozilla.org/pub/mozilla.org/firefox/nightly/2009/12/2009-12-18-04-electrolysis/firefox-3.7a1pre.en-US.linux-i686.tar.bz2,20091218043404,1.9.3a1pre,07c66d63ecb7,electrolysis
ftp.mozilla.org/pub/mozilla.org/firefox/nightly/2009/12/2009-12-19-04-electrolysis/firefox-3.7a1pre.en-US.linux-i686.tar.bz2,20091219040803,1.9.3a1pre,03cb6e94b2b1,electrolysis
ftp.mozilla.org/pub/mozilla.org/firefox/nightly/2009/12/2009-12-21-04-electrolysis/firefox-3.7a1pre.en-US.linux-i686.tar.bz2,20091221040740,1.9.3a1pre,03cb6e94b2b1,electrolysis
ftp.mozilla.org/pub/mozilla.org/firefox/nightly/2009/12/2009-12-22-04-electrolysis/firefox-3.7a1pre.en-US.linux-i686.tar.bz2,20091222041247,1.9.3a1pre,3d5dcaeba50f,electrolysis
ftp.mozilla.org/pub/mozilla.org/firefox/nightly/2009/12/2009-12-23-04-electrolysis/firefox-3.7a1pre.en-US.linux-i686.tar.bz2,20091223041335,1.9.3a1pre,179bad633581,electrolysis
ftp.mozilla.org/pub/mozilla.org/firefox/nightly/2009/12/2009-12-24-04-electrolysis/firefox-3.7a1pre.en-US.linux-i686.tar.bz2,20091224041123,1.9.3a1pre,179bad633581,electrolysis
ftp.mozilla.org/pub/mozilla.org/firefox/nightly/2009/12/2009-12-25-04-electrolysis/firefox-3.7a1pre.en-US.linux-i686.tar.bz2,20091225041258,1.9.3a1pre,179bad633581,electrolysis
ftp.mozilla.org/pub/mozilla.org/firefox/nightly/2009/12/2009-12-26-04-electrolysis/firefox-3.7a1pre.en-US.linux-i686.tar.bz2,20091226040653,1.9.3a1pre,179bad633581,electrolysis
ftp.mozilla.org/pub/mozilla.org/firefox/nightly/2009/12/2009-12-27-04-electrolysis/firefox-3.7a1pre.en-US.linux-i686.tar.bz2,20091227040833,1.9.3a1pre,179bad633581,electrolysis
ftp.mozilla.org/pub/mozilla.org/firefox/nightly/2009/12/2009-12-28-04-electrolysis/firefox-3.7a1pre.en-US.linux-i686.tar.bz2,20091228041049,1.9.3a1pre,179bad633581,electrolysis
ftp.mozilla.org/pub/mozilla.org/firefox/nightly/2009/12/2009-12-29-04-electrolysis/firefox-3.7a1pre.en-US.linux-i686.tar.bz2,20091229040952,1.9.3a1pre,179bad633581,electrolysis
ftp.mozilla.org/pub/mozilla.org/firefox/nightly/2009/12/2009-12-30-04-electrolysis/firefox-3.7a1pre.en-US.linux-i686.tar.bz2,20091230041124,1.9.3a1pre,179bad633581,electrolysis
ftp.mozilla.org/pub/mozilla.org/firefox/nightly/2009/12/2009-12-31-04-electrolysis/firefox-3.7a1pre.en-US.linux-i686.tar.bz2,20091231040934,1.9.3a1pre,179bad633581,electrolysis
ftp.mozilla.org/pub/mozilla.org/firefox/nightly/2010/01/2010-01-01-04-electrolysis/firefox-3.7a1pre.en-US.linux-i686.tar.bz2,20100101041510,1.9.3a1pre,1e25778852f2,electrolysis
ftp.mozilla.org/pub/mozilla.org/firefox/nightly/2010/01/2010-01-02-04-electrolysis/firefox-3.7a1pre.en-US.linux-i686.tar.bz2,20100102040957,1.9.3a1pre,1e25778852f2,electrolysis
ftp.mozilla.org/pub/mozilla.org/firefox/nightly/2010/01/2010-01-04-04-electrolysis/firefox-3.7a1pre.en-US.linux-i686.tar.bz2,20100104041706,1.9.3a1pre,1e25778852f2,electrolysis
ftp.mozilla.org/pub/mozilla.org/firefox/nightly/2010/01/2010-01-05-04-electrolysis/firefox-3.7a1pre.en-US.linux-i686.tar.bz2,20100105041253,1.9.3a1pre,1e25778852f2,electrolysis
ftp.mozilla.org/pub/mozilla.org/firefox/nightly/2010/01/2010-01-06-04-electrolysis/firefox-3.7a1pre.en-US.linux-i686.tar.bz2,20100106040807,1.9.3a1pre,5d2e3cd990c6,electrolysis
ftp.mozilla.org/pub/mozilla.org/firefox/nightly/2010/01/2010-01-07-04-electrolysis/firefox-3.7a1pre.en-US.linux-i686.tar.bz2,20100107041039,1.9.3a1pre,3c2fda75cedb,electrolysis
ftp.mozilla.org/pub/mozilla.org/firefox/nightly/2010/01/2010-01-08-04-electrolysis/firefox-3.7a1pre.en-US.linux-i686.tar.bz2,20100108041604,1.9.3a1pre,54c4ca2291fe,electrolysis
ftp.mozilla.org/pub/mozilla.org/firefox/nightly/2010/01/2010-01-09-04-electrolysis/firefox-3.7a1pre.en-US.linux-i686.tar.bz2,20100109041119,1.9.3a1pre,d2bed0c20e89,electrolysis
ftp.mozilla.org/pub/mozilla.org/firefox/nightly/2010/01/2010-01-10-04-electrolysis/firefox-3.7a1pre.en-US.linux-i686.tar.bz2,20100110041355,1.9.3a1pre,d2bed0c20e89,electrolysis
ftp.mozilla.org/pub/mozilla.org/firefox/nightly/2010/01/2010-01-11-04-electrolysis/firefox-3.7a1pre.en-US.linux-i686.tar.bz2,20100111041020,1.9.3a1pre,d2bed0c20e89,electrolysis
ftp.mozilla.org/pub/mozilla.org/firefox/nightly/2010/01/2010-01-12-04-electrolysis/firefox-3.7a1pre.en-US.linux-i686.tar.bz2,20100112041432,1.9.3a1pre,20f002fb44a8,electrolysis
ftp.mozilla.org/pub/mozilla.org/firefox/nightly/2010/01/2010-01-13-04-electrolysis/firefox-3.7a1pre.en-US.linux-i686.tar.bz2,20100113041053,1.9.3a1pre,9f1c3ebfaa9c,electrolysis
ftp.mozilla.org/pub/mozilla.org/firefox/nightly/2010/01/2010-01-14-04-electrolysis/firefox-3.7a1pre.en-US.linux-i686.tar.bz2,20100114041557,1.9.3a1pre,64be35288dee,electrolysis
ftp.mozilla.org/pub/mozilla.org/firefox/nightly/2010/01/2010-01-15-04-electrolysis/firefox-3.7a1pre.en-US.linux-i686.tar.bz2,20100115041441,1.9.3a1pre,a556d3c68d87,electrolysis
ftp.mozilla.org/pub/mozilla.org/firefox/nightly/2010/01/2010-01-16-04-electrolysis/firefox-3.7a1pre.en-US.linux-i686.tar.bz2,20100116041136,1.9.3a1pre,6f003829a096,electrolysis
ftp.mozilla.org/pub/mozilla.org/firefox/nightly/2010/01/2010-01-17-04-electrolysis/firefox-3.7a1pre.en-US.linux-i686.tar.bz2,20100117040848,1.9.3a1pre,6f003829a096,electrolysis
ftp.mozilla.org/pub/mozilla.org/firefox/nightly/2010/01/2010-01-18-04-electrolysis/firefox-3.7a1pre.en-US.linux-i686.tar.bz2,20100118040729,1.9.3a1pre,6f003829a096,electrolysis
ftp.mozilla.org/pub/mozilla.org/firefox/nightly/2010/01/2010-01-19-04-electrolysis/firefox-3.7a1pre.en-US.linux-i686.tar.bz2,20100119040634,1.9.3a1pre,f78daed09fdf,electrolysis
ftp.mozilla.org/pub/mozilla.org/firefox/nightly/2010/01/2010-01-20-04-electrolysis/firefox-3.7a1pre.en-US.linux-i686.tar.bz2,20100120040555,1.9.3a1pre,c7549d9ea5e8,electrolysis
ftp.mozilla.org/pub/mozilla.org/firefox/nightly/2010/01/2010-01-21-04-electrolysis/firefox-3.7a1pre.en-US.linux-i686.tar.bz2,20100121040603,1.9.3a1pre,2d7afd99367d,electrolysis
ftp.mozilla.org/pub/mozilla.org/firefox/nightly/2010/01/2010-01-22-04-electrolysis/firefox-3.7a1pre.en-US.linux-i686.tar.bz2,20100122041937,1.9.3a1pre,9e823e204581,electrolysis
ftp.mozilla.org/pub/mozilla.org/firefox/nightly/2010/01/2010-01-23-04-electrolysis/firefox-3.7a1pre.en-US.linux-i686.tar.bz2,20100123041047,1.9.3a1pre,b0fee4f9b8c7,electrolysis
ftp.mozilla.org/pub/mozilla.org/firefox/nightly/2010/01/2010-01-24-17-electrolysis/firefox-3.7a1pre.en-US.linux-i686.tar.bz2,20100124173039,1.9.3a1pre,b0fee4f9b8c7,electrolysis
ftp.mozilla.org/pub/mozilla.org/firefox/nightly/2010/01/2010-01-25-04-electrolysis/firefox-3.7a1pre.en-US.linux-i686.tar.bz2,20100125041124,1.9.3a1pre,b0fee4f9b8c7,electrolysis
ftp.mozilla.org/pub/mozilla.org/firefox/nightly/2010/01/2010-01-26-04-electrolysis/firefox-3.7a1pre.en-US.linux-i686.tar.bz2,20100126041155,1.9.3a1pre,be4144ff7790,electrolysis
ftp.mozilla.org/pub/mozilla.org/firefox/nightly/2010/01/2010-01-27-04-electrolysis/firefox-3.7a1pre.en-US.linux-i686.tar.bz2,20100127041052,1.9.3a1pre,6125df90678a,electrolysis
ftp.mozilla.org/pub/mozilla.org/firefox/nightly/2010/01/2010-01-28-04-electrolysis/firefox-3.7a1pre.en-US.linux-i686.tar.bz2,20100128042002,1.9.3a1pre,03d47e41b1a5,electrolysis
ftp.mozilla.org/pub/mozilla.org/firefox/nightly/2010/01/2010-01-29-04-electrolysis/firefox-3.7a1pre.en-US.linux-i686.tar.bz2,20100129041716,1.9.3a1pre,2e5f92d640fe,electrolysis
ftp.mozilla.org/pub/mozilla.org/firefox/nightly/2010/01/2010-01-30-04-electrolysis/firefox-3.7a1pre.en-US.linux-i686.tar.bz2,20100130041044,1.9.3a1pre,2e5f92d640fe,electrolysis
ftp.mozilla.org/pub/mozilla.org/firefox/nightly/2010/01/2010-01-31-04-electrolysis/firefox-3.7a1pre.en-US.linux-i686.tar.bz2,20100131043020,1.9.3a1pre,2e5f92d640fe,electrolysis
ftp.mozilla.org/pub/mozilla.org/firefox/nightly/2010/02/2010-02-01-04-electrolysis/firefox-3.7a1pre.en-US.linux-i686.tar.bz2,20100201041116,1.9.3a1pre,2e5f92d640fe,electrolysis
ftp.mozilla.org/pub/mozilla.org/firefox/nightly/2010/02/2010-02-02-04-electrolysis/firefox-3.7a1pre.en-US.linux-i686.tar.bz2,20100202040936,1.9.3a1pre,c2d2de888c99,electrolysis
ftp.mozilla.org/pub/mozilla.org/firefox/nightly/2010/02/2010-02-03-04-electrolysis/firefox-3.7a1pre.en-US.linux-i686.tar.bz2,20100203042241,1.9.3a1pre,c2d2de888c99,electrolysis
ftp.mozilla.org/pub/mozilla.org/firefox/nightly/2010/02/2010-02-04-04-electrolysis/firefox-3.7a1pre.en-US.linux-i686.tar.bz2,20100204040852,1.9.3a1pre,3a2b5e7cf66c,electrolysis
ftp.mozilla.org/pub/mozilla.org/firefox/nightly/2010/02/2010-02-05-04-electrolysis/firefox-3.7a1pre.en-US.linux-i686.tar.bz2,20100205041319,1.9.3a1pre,240e383440c4,electrolysis
ftp.mozilla.org/pub/mozilla.org/firefox/nightly/2010/02/2010-02-06-04-electrolysis/firefox-3.7a1pre.en-US.linux-i686.tar.bz2,20100206040617,1.9.3a1pre,240e383440c4,electrolysis
ftp.mozilla.org/pub/mozilla.org/firefox/nightly/2010/02/2010-02-08-04-electrolysis/firefox-3.7a1pre.en-US.linux-i686.tar.bz2,20100208040610,1.9.3a1pre,240e383440c4,electrolysis
ftp.mozilla.org/pub/mozilla.org/firefox/nightly/2010/02/2010-02-09-04-electrolysis/firefox-3.7a1pre.en-US.linux-i686.tar.bz2,20100209040742,1.9.3a1pre,240e383440c4,electrolysis
ftp.mozilla.org/pub/mozilla.org/firefox/nightly/2010/02/2010-02-10-04-electrolysis/firefox-3.7a2pre.en-US.linux-i686.tar.bz2,20100210040949,1.9.3a2pre,3de45fce376d,electrolysis
ftp.mozilla.org/pub/mozilla.org/firefox/nightly/2010/02/2010-02-11-04-electrolysis/firefox-3.7a2pre.en-US.linux-i686.tar.bz2,20100211041011,1.9.3a2pre,2f9e351ca2b1,electrolysis
ftp.mozilla.org/pub/mozilla.org/firefox/nightly/2010/02/2010-02-12-04-electrolysis/firefox-3.7a2pre.en-US.linux-i686.tar.bz2,20100212041154,1.9.3a2pre,ab07afb8c04c,electrolysis
ftp.mozilla.org/pub/mozilla.org/firefox/nightly/2010/02/2010-02-13-04-electrolysis/firefox-3.7a2pre.en-US.linux-i686.tar.bz2,20100213041109,1.9.3a2pre,959add9a851a,electrolysis
ftp.mozilla.org/pub/mozilla.org/firefox/nightly/2010/02/2010-02-14-04-electrolysis/firefox-3.7a2pre.en-US.linux-i686.tar.bz2,20100214041124,1.9.3a2pre,f933d9766385,electrolysis
ftp.mozilla.org/pub/mozilla.org/firefox/nightly/2010/02/2010-02-15-04-electrolysis/firefox-3.7a2pre.en-US.linux-i686.tar.bz2,20100215041443,1.9.3a2pre,f933d9766385,electrolysis
ftp.mozilla.org/pub/mozilla.org/firefox/nightly/2010/02/2010-02-16-04-electrolysis/firefox-3.7a2pre.en-US.linux-i686.tar.bz2,20100216040744,1.9.3a2pre,f933d9766385,electrolysis
ftp.mozilla.org/pub/mozilla.org/firefox/nightly/2010/02/2010-02-17-04-electrolysis/firefox-3.7a2pre.en-US.linux-i686.tar.bz2,20100217040813,1.9.3a2pre,448ac1b0a391,electrolysis
ftp.mozilla.org/pub/mozilla.org/firefox/nightly/2010/02/2010-02-18-04-electrolysis/firefox-3.7a2pre.en-US.linux-i686.tar.bz2,20100218041316,1.9.3a2pre,eb57ae66e03f,electrolysis
ftp.mozilla.org/pub/mozilla.org/firefox/nightly/2010/02/2010-02-19-04-electrolysis/firefox-3.7a2pre.en-US.linux-i686.tar.bz2,20100219040836,1.9.3a2pre,eb57ae66e03f,electrolysis
ftp.mozilla.org/pub/mozilla.org/firefox/nightly/2010/02/2010-02-20-04-electrolysis/firefox-3.7a2pre.en-US.linux-i686.tar.bz2,20100220041730,1.9.3a2pre,eb57ae66e03f,electrolysis
ftp.mozilla.org/pub/mozilla.org/firefox/nightly/2010/02/2010-02-21-04-electrolysis/firefox-3.7a2pre.en-US.linux-i686.tar.bz2,20100221040835,1.9.3a2pre,416375517820,electrolysis
ftp.mozilla.org/pub/mozilla.org/firefox/nightly/2010/02/2010-02-22-04-electrolysis/firefox-3.7a2pre.en-US.linux-i686.tar.bz2,20100222040736,1.9.3a2pre,416375517820,electrolysis
ftp.mozilla.org/pub/mozilla.org/firefox/nightly/2010/02/2010-02-23-04-electrolysis/firefox-3.7a2pre.en-US.linux-i686.tar.bz2,20100223041905,1.9.3a2pre,efa1c8d24462,electrolysis
ftp.mozilla.org/pub/mozilla.org/firefox/nightly/2010/02/2010-02-24-04-electrolysis/firefox-3.7a2pre.en-US.linux-i686.tar.bz2,20100224041730,1.9.3a2pre,db46b09236c2,electrolysis
ftp.mozilla.org/pub/mozilla.org/firefox/nightly/2010/02/2010-02-25-04-electrolysis/firefox-3.7a2pre.en-US.linux-i686.tar.bz2,20100225040854,1.9.3a2pre,86e4bc5b4c4c,electrolysis
ftp.mozilla.org/pub/mozilla.org/firefox/nightly/2010/02/2010-02-26-04-electrolysis/firefox-3.7a2pre.en-US.linux-i686.tar.bz2,20100226042201,1.9.3a2pre,9c9b4447c319,electrolysis
ftp.mozilla.org/pub/mozilla.org/firefox/nightly/2010/02/2010-02-27-04-electrolysis/firefox-3.7a2pre.en-US.linux-i686.tar.bz2,20100227041125,1.9.3a2pre,9c9b4447c319,electrolysis
ftp.mozilla.org/pub/mozilla.org/firefox/nightly/2010/03/2010-03-01-04-electrolysis/firefox-3.7a2pre.en-US.linux-i686.tar.bz2,20100301040733,1.9.3a2pre,fb90d1154014,electrolysis
ftp.mozilla.org/pub/mozilla.org/firefox/nightly/2010/03/2010-03-02-04-electrolysis/firefox-3.7a3pre.en-US.linux-i686.tar.bz2,20100302041122,1.9.3a3pre,385cc0738bf9,electrolysis
ftp.mozilla.org/pub/mozilla.org/firefox/nightly/2010/03/2010-03-03-04-electrolysis/firefox-3.7a3pre.en-US.linux-i686.tar.bz2,20100303041219,1.9.3a3pre,0b53086e8a2f,electrolysis
ftp.mozilla.org/pub/mozilla.org/firefox/nightly/2010/03/2010-03-04-04-electrolysis/firefox-3.7a3pre.en-US.linux-i686.tar.bz2,20100304042041,1.9.3a3pre,cb282c640aed,electrolysis
ftp.mozilla.org/pub/mozilla.org/firefox/nightly/2010/03/2010-03-05-04-electrolysis/firefox-3.7a3pre.en-US.linux-i686.tar.bz2,20100305040926,1.9.3a3pre,025d95e9aa36,electrolysis
ftp.mozilla.org/pub/mozilla.org/firefox/nightly/2010/03/2010-03-06-04-electrolysis/firefox-3.7a3pre.en-US.linux-i686.tar.bz2,20100306040815,1.9.3a3pre,a64df639254e,electrolysis
ftp.mozilla.org/pub/mozilla.org/firefox/nightly/2010/03/2010-03-07-04-electrolysis/firefox-3.7a3pre.en-US.linux-i686.tar.bz2,20100307040928,1.9.3a3pre,a64df639254e,electrolysis
ftp.mozilla.org/pub/mozilla.org/firefox/nightly/2010/03/2010-03-08-04-electrolysis/firefox-3.7a3pre.en-US.linux-i686.tar.bz2,20100308041710,1.9.3a3pre,ab7b233c05fe,electrolysis
ftp.mozilla.org/pub/mozilla.org/firefox/nightly/2010/03/2010-03-09-04-electrolysis/firefox-3.7a3pre.en-US.linux-i686.tar.bz2,20100309043328,1.9.3a3pre,faf9ae9323b3,electrolysis
ftp.mozilla.org/pub/mozilla.org/firefox/nightly/2010/03/2010-03-10-04-electrolysis/firefox-3.7a3pre.en-US.linux-i686.tar.bz2,20100310040726,1.9.3a3pre,faf9ae9323b3,electrolysis
ftp.mozilla.org/pub/mozilla.org/firefox/nightly/2010/03/2010-03-11-04-electrolysis/firefox-3.7a3pre.en-US.linux-i686.tar.bz2,20100311041229,1.9.3a3pre,2fcc4f99471a,electrolysis
ftp.mozilla.org/pub/mozilla.org/firefox/nightly/2010/03/2010-03-12-04-electrolysis/firefox-3.7a3pre.en-US.linux-i686.tar.bz2,20100312041236,1.9.3a3pre,c713ff1a0d4a,electrolysis
ftp.mozilla.org/pub/mozilla.org/firefox/nightly/2010/03/2010-03-15-04-electrolysis/firefox-3.7a3pre.en-US.linux-i686.tar.bz2,20100315041457,1.9.3a3pre,c8576354841b,electrolysis
ftp.mozilla.org/pub/mozilla.org/firefox/nightly/2010/03/2010-03-16-04-electrolysis/firefox-3.7a3pre.en-US.linux-i686.tar.bz2,20100316041227,1.9.3a3pre,c8576354841b,electrolysis
ftp.mozilla.org/pub/mozilla.org/firefox/nightly/2010/03/2010-03-17-04-electrolysis/firefox-3.7a3pre.en-US.linux-i686.tar.bz2,20100317041520,1.9.3a3pre,c8576354841b,electrolysis
ftp.mozilla.org/pub/mozilla.org/firefox/nightly/2010/03/2010-03-18-04-electrolysis/firefox-3.7a4pre.en-US.linux-i686.tar.bz2,20100318041143,1.9.3a4pre,376c8fdfa9dd,electrolysis
ftp.mozilla.org/pub/mozilla.org/firefox/nightly/2010/03/2010-03-19-04-electrolysis/firefox-3.7a4pre.en-US.linux-i686.tar.bz2,20100319040509,1.9.3a4pre,01d4dfcd6c99,electrolysis
ftp.mozilla.org/pub/mozilla.org/firefox/nightly/2010/03/2010-03-20-04-electrolysis/firefox-3.7a4pre.en-US.linux-i686.tar.bz2,20100320040523,1.9.3a4pre,b375e5704583,electrolysis
ftp.mozilla.org/pub/mozilla.org/firefox/nightly/2010/03/2010-03-21-04-electrolysis/firefox-3.7a4pre.en-US.linux-i686.tar.bz2,20100321041522,1.9.3a4pre,b375e5704583,electrolysis
ftp.mozilla.org/pub/mozilla.org/firefox/nightly/2010/03/2010-03-22-04-electrolysis/firefox-3.7a4pre.en-US.linux-i686.tar.bz2,20100322041751,1.9.3a4pre,b375e5704583,electrolysis
ftp.mozilla.org/pub/mozilla.org/firefox/nightly/2010/03/2010-03-23-04-electrolysis/firefox-3.7a4pre.en-US.linux-i686.tar.bz2,20100323041047,1.9.3a4pre,e6a6a55b15a4,electrolysis
ftp.mozilla.org/pub/mozilla.org/firefox/nightly/2010/03/2010-03-24-04-electrolysis/firefox-3.7a4pre.en-US.linux-i686.tar.bz2,20100324041031,1.9.3a4pre,c732df81ad85,electrolysis
ftp.mozilla.org/pub/mozilla.org/firefox/nightly/2010/03/2010-03-25-04-electrolysis/firefox-3.7a4pre.en-US.linux-i686.tar.bz2,20100325041046,1.9.3a4pre,6b944ce388e8,electrolysis
ftp.mozilla.org/pub/mozilla.org/firefox/nightly/2010/03/2010-03-26-04-electrolysis/firefox-3.7a4pre.en-US.linux-i686.tar.bz2,20100326041511,1.9.3a4pre,9f69e891fb08,electrolysis
ftp.mozilla.org/pub/mozilla.org/firefox/nightly/2010/03/2010-03-27-04-electrolysis/firefox-3.7a4pre.en-US.linux-i686.tar.bz2,20100327040605,1.9.3a4pre,794f4bacbdcc,electrolysis
ftp.mozilla.org/pub/mozilla.org/firefox/nightly/2010/03/2010-03-29-04-electrolysis/firefox-3.7a4pre.en-US.linux-i686.tar.bz2,20100329040917,1.9.3a4pre,1a1d8be1dd12,electrolysis
ftp.mozilla.org/pub/mozilla.org/firefox/nightly/2010/03/2010-03-30-04-electrolysis/firefox-3.7a4pre.en-US.linux-i686.tar.bz2,20100330040917,1.9.3a4pre,a9be1087e516,electrolysis
ftp.mozilla.org/pub/mozilla.org/firefox/nightly/2010/03/2010-03-31-04-electrolysis/firefox-3.7a4pre.en-US.linux-i686.tar.bz2,20100331040445,1.9.3a4pre,f22ca0221b4e,electrolysis
ftp.mozilla.org/pub/mozilla.org/firefox/nightly/2010/03/2010-03-31-19-electrolysis/firefox-3.7a4pre.en-US.linux-i686.tar.bz2,20100331192532,1.9.3a4pre,f22ca0221b4e,electrolysis
ftp.mozilla.org/pub/mozilla.org/firefox/nightly/2010/04/2010-04-01-04-electrolysis/firefox-3.7a4pre.en-US.linux-i686.tar.bz2,20100401040701,1.9.3a4pre,7eda6386d28c,electrolysis
ftp.mozilla.org/pub/mozilla.org/firefox/nightly/2010/04/2010-04-02-04-electrolysis/firefox-3.7a4pre.en-US.linux-i686.tar.bz2,20100402040227,1.9.3a4pre,7eda6386d28c,electrolysis
ftp.mozilla.org/pub/mozilla.org/firefox/nightly/2010/04/2010-04-03-04-electrolysis/firefox-3.7a4pre.en-US.linux-i686.tar.bz2,20100403040246,1.9.3a4pre,7eda6386d28c,electrolysis
ftp.mozilla.org/pub/mozilla.org/firefox/nightly/2010/04/2010-04-05-04-electrolysis/firefox-3.7a4pre.en-US.linux-i686.tar.bz2,20100405040351,1.9.3a4pre,7eda6386d28c,electrolysis
ftp.mozilla.org/pub/mozilla.org/firefox/nightly/2010/04/2010-04-06-04-electrolysis/firefox-3.7a4pre.en-US.linux-i686.tar.bz2,20100406040406,1.9.3a4pre,7eda6386d28c,electrolysis
ftp.mozilla.org/pub/mozilla.org/firefox/nightly/2010/04/2010-04-07-04-electrolysis/firefox-3.7a4pre.en-US.linux-i686.tar.bz2,20100407040931,1.9.3a4pre,c23610cf63c9,electrolysis
ftp.mozilla.org/pub/mozilla.org/firefox/nightly/2010/04/2010-04-08-04-electrolysis/firefox-3.7a4pre.en-US.linux-i686.tar.bz2,20100408041623,1.9.3a4pre,e0be6af79c76,electrolysis
ftp.mozilla.org/pub/mozilla.org/firefox/nightly/2010/04/2010-04-09-04-electrolysis/firefox-3.7a4pre.en-US.linux-i686.tar.bz2,20100409041017,1.9.3a4pre,e0be6af79c76,electrolysis
ftp.mozilla.org/pub/mozilla.org/firefox/nightly/2010/04/2010-04-10-04-electrolysis/firefox-3.7a4pre.en-US.linux-i686.tar.bz2,20100410041212,1.9.3a4pre,e0be6af79c76,electrolysis
ftp.mozilla.org/pub/mozilla.org/firefox/nightly/2010/04/2010-04-11-04-electrolysis/firefox-3.7a4pre.en-US.linux-i686.tar.bz2,20100411040354,1.9.3a4pre,3caeea7ad091,electrolysis
ftp.mozilla.org/pub/mozilla.org/firefox/nightly/2010/04/2010-04-12-04-electrolysis/firefox-3.7a4pre.en-US.linux-i686.tar.bz2,20100412040819,1.9.3a4pre,a388481c3f5e,electrolysis
ftp.mozilla.org/pub/mozilla.org/firefox/nightly/2010/04/2010-04-13-04-electrolysis/firefox-3.7a4pre.en-US.linux-i686.tar.bz2,20100413040512,1.9.3a4pre,a388481c3f5e,electrolysis
ftp.mozilla.org/pub/mozilla.org/firefox/nightly/2010/04/2010-04-14-04-electrolysis/firefox-3.7a4pre.en-US.linux-i686.tar.bz2,20100414041325,1.9.3a4pre,a388481c3f5e,electrolysis
ftp.mozilla.org/pub/mozilla.org/firefox/nightly/2010/04/2010-04-15-04-electrolysis/firefox-3.7a4pre.en-US.linux-i686.tar.bz2,20100415041800,1.9.3a4pre,a388481c3f5e,electrolysis
ftp.mozilla.org/pub/mozilla.org/firefox/nightly/2010/04/2010-04-16-04-electrolysis/firefox-3.7a5pre.en-US.linux-i686.tar.bz2,20100416040303,1.9.3a5pre,2f0c841d6103,electrolysis
ftp.mozilla.org/pub/mozilla.org/firefox/nightly/2010/04/2010-04-18-04-electrolysis/firefox-3.7a5pre.en-US.linux-i686.tar.bz2,20100418040433,1.9.3a5pre,2f0c841d6103,electrolysis
ftp.mozilla.org/pub/mozilla.org/firefox/nightly/2010/04/2010-04-19-04-electrolysis/firefox-3.7a5pre.en-US.linux-i686.tar.bz2,20100419040310,1.9.3a5pre,2f0c841d6103,electrolysis
ftp.mozilla.org/pub/mozilla.org/firefox/nightly/2010/04/2010-04-20-04-electrolysis/firefox-3.7a5pre.en-US.linux-i686.tar.bz2,20100420040837,1.9.3a5pre,2f0c841d6103,electrolysis
ftp.mozilla.org/pub/mozilla.org/firefox/nightly/2010/04/2010-04-21-04-electrolysis/firefox-3.7a5pre.en-US.linux-i686.tar.bz2,20100421040843,1.9.3a5pre,2ebd848fb5ba,electrolysis
ftp.mozilla.org/pub/mozilla.org/firefox/nightly/2010/04/2010-04-23-04-electrolysis/firefox-3.7a5pre.en-US.linux-i686.tar.bz2,20100423040710,1.9.3a5pre,47588b97d63e,electrolysis
ftp.mozilla.org/pub/mozilla.org/firefox/nightly/2010/04/2010-04-24-04-electrolysis/firefox-3.7a5pre.en-US.linux-i686.tar.bz2,20100424040501,1.9.3a5pre,47588b97d63e,electrolysis
ftp.mozilla.org/pub/mozilla.org/firefox/nightly/2010/04/2010-04-25-04-electrolysis/firefox-3.7a5pre.en-US.linux-i686.tar.bz2,20100425040358,1.9.3a5pre,47588b97d63e,electrolysis
ftp.mozilla.org/pub/mozilla.org/firefox/nightly/2010/04/2010-04-26-04-electrolysis/firefox-3.7a5pre.en-US.linux-i686.tar.bz2,20100426040434,1.9.3a5pre,bc5c9b9f6eee,electrolysis
ftp.mozilla.org/pub/mozilla.org/firefox/nightly/2010/04/2010-04-27-04-electrolysis/firefox-3.7a5pre.en-US.linux-i686.tar.bz2,20100427040518,1.9.3a5pre,5f2417a777fe,electrolysis
ftp.mozilla.org/pub/mozilla.org/firefox/nightly/2010/04/2010-04-28-04-electrolysis/firefox-3.7a5pre.en-US.linux-i686.tar.bz2,20100428040717,1.9.3a5pre,5f2417a777fe,electrolysis
ftp.mozilla.org/pub/mozilla.org/firefox/nightly/2010/04/2010-04-29-04-electrolysis/firefox-3.7a5pre.en-US.linux-i686.tar.bz2,20100429040414,1.9.3a5pre,2f30bbaa0912,electrolysis
ftp.mozilla.org/pub/mozilla.org/firefox/nightly/2010/04/2010-04-30-04-electrolysis/firefox-3.7a5pre.en-US.linux-i686.tar.bz2,20100430040507,1.9.3a5pre,288aeb67ac37,electrolysis
ftp.mozilla.org/pub/mozilla.org/firefox/nightly/2010/05/2010-05-01-04-electrolysis/firefox-3.7a5pre.en-US.linux-i686.tar.bz2,20100501040345,1.9.3a5pre,288aeb67ac37,electrolysis
ftp.mozilla.org/pub/mozilla.org/firefox/nightly/2010/05/2010-05-02-04-electrolysis/firefox-3.7a5pre.en-US.linux-i686.tar.bz2,20100502040443,1.9.3a5pre,288aeb67ac37,electrolysis
ftp.mozilla.org/pub/mozilla.org/firefox/nightly/2010/05/2010-05-03-04-electrolysis/firefox-3.7a5pre.en-US.linux-i686.tar.bz2,20100503040717,1.9.3a5pre,288aeb67ac37,electrolysis
ftp.mozilla.org/pub/mozilla.org/firefox/nightly/2010/05/2010-05-04-04-electrolysis/firefox-3.7a5pre.en-US.linux-i686.tar.bz2,20100504040824,1.9.3a5pre,288aeb67ac37,electrolysis
ftp.mozilla.org/pub/mozilla.org/firefox/nightly/2010/05/2010-05-05-04-electrolysis/firefox-3.7a5pre.en-US.linux-i686.tar.bz2,20100505041010,1.9.3a5pre,ec1a7d771ab1,electrolysis
ftp.mozilla.org/pub/mozilla.org/firefox/nightly/2010/05/2010-05-06-04-electrolysis/firefox-3.7a5pre.en-US.linux-i686.tar.bz2,20100506040610,1.9.3a5pre,ec1a7d771ab1,electrolysis
ftp.mozilla.org/pub/mozilla.org/firefox/nightly/2010/05/2010-05-07-04-electrolysis/firefox-3.7a5pre.en-US.linux-i686.tar.bz2,20100507040343,1.9.3a5pre,ec1a7d771ab1,electrolysis
ftp.mozilla.org/pub/mozilla.org/firefox/nightly/2010/05/2010-05-08-04-electrolysis/firefox-3.7a5pre.en-US.linux-i686.tar.bz2,20100508040409,1.9.3a5pre,ec1a7d771ab1,electrolysis
ftp.mozilla.org/pub/mozilla.org/firefox/nightly/2010/05/2010-05-09-04-electrolysis/firefox-3.7a5pre.en-US.linux-i686.tar.bz2,20100509040259,1.9.3a5pre,ec1a7d771ab1,electrolysis
ftp.mozilla.org/pub/mozilla.org/firefox/nightly/2010/05/2010-05-10-04-electrolysis/firefox-3.7a5pre.en-US.linux-i686.tar.bz2,20100510040120,1.9.3a5pre,ec1a7d771ab1,electrolysis
ftp.mozilla.org/pub/mozilla.org/firefox/nightly/2010/05/2010-05-11-04-electrolysis/firefox-3.7a5pre.en-US.linux-i686.tar.bz2,20100511040119,1.9.3a5pre,b65ad908561e,electrolysis
ftp.mozilla.org/pub/mozilla.org/firefox/nightly/2010/05/2010-05-12-04-electrolysis/firefox-3.7a5pre.en-US.linux-i686.tar.bz2,20100512040430,1.9.3a5pre,4bce61199662,electrolysis
ftp.mozilla.org/pub/mozilla.org/firefox/nightly/2010/05/2010-05-12-11-electrolysis/firefox-3.7a5pre.en-US.linux-i686.tar.bz2,20100512113429,1.9.3a5pre,4bce61199662,electrolysis
ftp.mozilla.org/pub/mozilla.org/firefox/nightly/2010/05/2010-05-13-04-electrolysis/firefox-3.7a5pre.en-US.linux-i686.tar.bz2,20100513040403,1.9.3a5pre,4bce61199662,electrolysis
ftp.mozilla.org/pub/mozilla.org/firefox/nightly/2010/05/2010-05-14-04-electrolysis/firefox-3.7a5pre.en-US.linux-i686.tar.bz2,20100514040416,1.9.3a5pre,79835fb5e740,electrolysis
ftp.mozilla.org/pub/mozilla.org/firefox/nightly/2010/05/2010-05-15-04-electrolysis/firefox-3.7a5pre.en-US.linux-i686.tar.bz2,20100515040305,1.9.3a5pre,5ba34062a4f9,electrolysis
ftp.mozilla.org/pub/mozilla.org/firefox/nightly/2010/05/2010-05-16-04-electrolysis/firefox-3.7a5pre.en-US.linux-i686.tar.bz2,20100516040513,1.9.3a5pre,31cad27c0ee9,electrolysis
ftp.mozilla.org/pub/mozilla.org/firefox/nightly/2010/05/2010-05-17-04-electrolysis/firefox-3.7a5pre.en-US.linux-i686.tar.bz2,20100517040034,1.9.3a5pre,6e12019d4f4d,electrolysis
ftp.mozilla.org/pub/mozilla.org/firefox/nightly/2010/05/2010-05-18-04-electrolysis/firefox-3.7a5pre.en-US.linux-i686.tar.bz2,20100518040435,1.9.3a5pre,6d50282f6b60,electrolysis
ftp.mozilla.org/pub/mozilla.org/firefox/nightly/2010/05/2010-05-19-04-electrolysis/firefox-3.7a5pre.en-US.linux-i686.tar.bz2,20100519040345,1.9.3a5pre,6d50282f6b60,electrolysis
ftp.mozilla.org/pub/mozilla.org/firefox/nightly/2010/05/2010-05-20-04-electrolysis/firefox-3.7a5pre.en-US.linux-i686.tar.bz2,20100520041436,1.9.3a5pre,6d50282f6b60,electrolysis
ftp.mozilla.org/pub/mozilla.org/firefox/nightly/2010/05/2010-05-21-04-electrolysis/firefox-3.7a5pre.en-US.linux-i686.tar.bz2,20100521040419,1.9.3a5pre,6d50282f6b60,electrolysis
ftp.mozilla.org/pub/mozilla.org/firefox/nightly/2010/05/2010-05-22-04-electrolysis/firefox-3.7a5pre.en-US.linux-i686.tar.bz2,20100522040409,1.9.3a5pre,5c29542bba4e,electrolysis
ftp.mozilla.org/pub/mozilla.org/firefox/nightly/2010/05/2010-05-23-04-electrolysis/firefox-3.7a5pre.en-US.linux-i686.tar.bz2,20100523040445,1.9.3a5pre,5c29542bba4e,electrolysis
ftp.mozilla.org/pub/mozilla.org/firefox/nightly/2010/05/2010-05-24-04-electrolysis/firefox-3.7a5pre.en-US.linux-i686.tar.bz2,20100524040410,1.9.3a5pre,5c29542bba4e,electrolysis
ftp.mozilla.org/pub/mozilla.org/firefox/nightly/2010/05/2010-05-26-04-electrolysis/firefox-3.7a5pre.en-US.linux-i686.tar.bz2,20100526040354,1.9.3a5pre,90fa3f90c0f7,electrolysis
ftp.mozilla.org/pub/mozilla.org/firefox/nightly/2010/05/2010-05-27-04-electrolysis/firefox-3.7a5pre.en-US.linux-i686.tar.bz2,20100527040417,1.9.3a5pre,dc9cc3820b02,electrolysis
ftp.mozilla.org/pub/mozilla.org/firefox/nightly/2010/05/2010-05-28-04-electrolysis/firefox-3.7a5pre.en-US.linux-i686.tar.bz2,20100528040427,1.9.3a5pre,dc9cc3820b02,electrolysis
ftp.mozilla.org/pub/mozilla.org/firefox/nightly/2010/05/2010-05-29-04-electrolysis/firefox-3.7a5pre.en-US.linux-i686.tar.bz2,20100529040351,1.9.3a5pre,dcfeadea0cba,electrolysis
ftp.mozilla.org/pub/mozilla.org/firefox/nightly/2010/05/2010-05-30-04-electrolysis/firefox-3.7a5pre.en-US.linux-i686.tar.bz2,20100530040433,1.9.3a5pre,dcfeadea0cba,electrolysis
ftp.mozilla.org/pub/mozilla.org/firefox/nightly/2010/05/2010-05-31-04-electrolysis/firefox-3.7a5pre.en-US.linux-i686.tar.bz2,20100531040425,1.9.3a5pre,8ee0464d78ba,electrolysis
ftp.mozilla.org/pub/mozilla.org/firefox/nightly/2010/06/2010-06-01-04-electrolysis/firefox-3.7a5pre.en-US.linux-i686.tar.bz2,20100601040434,1.9.3a5pre,8ee0464d78ba,electrolysis
ftp.mozilla.org/pub/mozilla.org/firefox/nightly/2010/06/2010-06-02-04-electrolysis/firefox-3.7a5pre.en-US.linux-i686.tar.bz2,20100602040513,1.9.3a5pre,f38dd60fc384,electrolysis
ftp.mozilla.org/pub/mozilla.org/firefox/nightly/2010/06/2010-06-02-06-electrolysis/firefox-3.7a5pre.en-US.linux-i686.tar.bz2,20100602065129,1.9.3a5pre,f38dd60fc384,electrolysis
ftp.mozilla.org/pub/mozilla.org/firefox/nightly/2010/06/2010-06-03-04-electrolysis/firefox-3.7a5pre.en-US.linux-i686.tar.bz2,20100603040105,1.9.3a5pre,f38dd60fc384,electrolysis
ftp.mozilla.org/pub/mozilla.org/firefox/nightly/2010/06/2010-06-04-04-electrolysis/firefox-3.7a5pre.en-US.linux-i686.tar.bz2,20100604040019,1.9.3a5pre,ae03b58ae488,electrolysis
ftp.mozilla.org/pub/mozilla.org/firefox/nightly/2010/06/2010-06-05-04-electrolysis/firefox-3.7a5pre.en-US.linux-i686.tar.bz2,20100605040047,1.9.3a5pre,ae03b58ae488,electrolysis
ftp.mozilla.org/pub/mozilla.org/firefox/nightly/2010/06/2010-06-06-04-electrolysis/firefox-3.7a5pre.en-US.linux-i686.tar.bz2,20100606040130,1.9.3a5pre,ae03b58ae488,electrolysis
ftp.mozilla.org/pub/mozilla.org/firefox/nightly/2010/06/2010-06-07-04-electrolysis/firefox-3.7a5pre.en-US.linux-i686.tar.bz2,20100607040103,1.9.3a5pre,ae03b58ae488,electrolysis
ftp.mozilla.org/pub/mozilla.org/firefox/nightly/2010/06/2010-06-08-04-electrolysis/firefox-3.7a5pre.en-US.linux-i686.tar.bz2,20100608040123,1.9.3a5pre,250fd088e49d,electrolysis
ftp.mozilla.org/pub/mozilla.org/firefox/nightly/2010/06/2010-06-09-04-electrolysis/firefox-3.7a5pre.en-US.linux-i686.tar.bz2,20100609040031,1.9.3a5pre,e3bf810e9159,electrolysis
ftp.mozilla.org/pub/mozilla.org/firefox/nightly/2010/06/2010-06-10-04-electrolysis/firefox-3.7a5pre.en-US.linux-i686.tar.bz2,20100610040053,1.9.3a5pre,780d60ef1a75,electrolysis
ftp.mozilla.org/pub/mozilla.org/firefox/nightly/2010/06/2010-06-11-04-electrolysis/firefox-3.7a5pre.en-US.linux-i686.tar.bz2,20100611040110,1.9.3a5pre,780d60ef1a75,electrolysis
ftp.mozilla.org/pub/mozilla.org/firefox/nightly/2010/06/2010-06-12-04-electrolysis/firefox-3.7a5pre.en-US.linux-i686.tar.bz2,20100612040804,1.9.3a5pre,780d60ef1a75,electrolysis
ftp.mozilla.org/pub/mozilla.org/firefox/nightly/2010/06/2010-06-13-04-electrolysis/firefox-3.7a5pre.en-US.linux-i686.tar.bz2,20100613040917,1.9.3a5pre,f2ef80cc432f,electrolysis
ftp.mozilla.org/pub/mozilla.org/firefox/nightly/2010/06/2010-06-14-04-electrolysis/firefox-3.7a5pre.en-US.linux-i686.tar.bz2,20100614040836,1.9.3a5pre,f2ef80cc432f,electrolysis
ftp.mozilla.org/pub/mozilla.org/firefox/nightly/2010/06/2010-06-15-04-electrolysis/firefox-3.7a5pre.en-US.linux-i686.tar.bz2,20100615040014,1.9.3a5pre,f2ef80cc432f,electrolysis
ftp.mozilla.org/pub/mozilla.org/firefox/nightly/2010/06/2010-06-16-04-electrolysis/firefox-3.7a5pre.en-US.linux-i686.tar.bz2,20100616040919,1.9.3a5pre,b480c5f26a70,electrolysis
ftp.mozilla.org/pub/mozilla.org/firefox/nightly/2010/06/2010-06-17-04-electrolysis/firefox-3.7a5pre.en-US.linux-i686.tar.bz2,20100617040943,1.9.3a5pre,b480c5f26a70,electrolysis
ftp.mozilla.org/pub/mozilla.org/firefox/nightly/2010/06/2010-06-18-04-electrolysis/firefox-3.7a5pre.en-US.linux-i686.tar.bz2,20100618040508,1.9.3a5pre,f80302dc4c6c,electrolysis
ftp.mozilla.org/pub/mozilla.org/firefox/nightly/2010/06/2010-06-19-04-electrolysis/firefox-3.7a5pre.en-US.linux-i686.tar.bz2,20100619040047,1.9.3a5pre,f80302dc4c6c,electrolysis
ftp.mozilla.org/pub/mozilla.org/firefox/nightly/2010/06/2010-06-20-03-electrolysis/firefox-3.7a5pre.en-US.linux-i686.tar.bz2,20100620035940,1.9.3a5pre,f80302dc4c6c,electrolysis
ftp.mozilla.org/pub/mozilla.org/firefox/nightly/2010/06/2010-06-21-04-electrolysis/firefox-3.7a5pre.en-US.linux-i686.tar.bz2,20100621040123,1.9.3a5pre,f80302dc4c6c,electrolysis
ftp.mozilla.org/pub/mozilla.org/firefox/nightly/2010/06/2010-06-22-04-electrolysis/firefox-3.7a5pre.en-US.linux-i686.tar.bz2,20100622040018,1.9.3a5pre,f80302dc4c6c,electrolysis
ftp.mozilla.org/pub/mozilla.org/firefox/nightly/2010/06/2010-06-23-04-electrolysis/firefox-3.7a6pre.en-US.linux-i686.tar.bz2,20100623040143,1.9.3a6pre,7050d2595c2d,electrolysis
ftp.mozilla.org/pub/mozilla.org/firefox/nightly/2010/06/2010-06-24-04-electrolysis/firefox-3.7a6pre.en-US.linux-i686.tar.bz2,20100624040108,1.9.3a6pre,5ec45d0b2b67,electrolysis
ftp.mozilla.org/pub/mozilla.org/firefox/nightly/2010/06/2010-06-25-04-electrolysis/firefox-3.7a6pre.en-US.linux-i686.tar.bz2,20100625043739,1.9.3a6pre,c37e3ae2d89d,electrolysis
ftp.mozilla.org/pub/mozilla.org/firefox/nightly/2010/06/2010-06-26-04-electrolysis/firefox-3.7a6pre.en-US.linux-i686.tar.bz2,20100626041132,1.9.3a6pre,8e4ceb3b4da5,electrolysis
ftp.mozilla.org/pub/mozilla.org/firefox/nightly/2010/06/2010-06-27-04-electrolysis/firefox-3.7a6pre.en-US.linux-i686.tar.bz2,20100627040119,1.9.3a6pre,8e4ceb3b4da5,electrolysis
ftp.mozilla.org/pub/mozilla.org/firefox/nightly/2010/06/2010-06-28-04-electrolysis/firefox-3.7a6pre.en-US.linux-i686.tar.bz2,20100628041312,1.9.3a6pre,8e4ceb3b4da5,electrolysis
ftp.mozilla.org/pub/mozilla.org/firefox/nightly/2010/06/2010-06-29-04-electrolysis/firefox-4.0b2pre.en-US.linux-i686.tar.bz2,20100629040715,2.0b2pre,a8fa5480651a,electrolysis
ftp.mozilla.org/pub/mozilla.org/firefox/nightly/2010/06/2010-06-30-04-electrolysis/firefox-4.0b2pre.en-US.linux-i686.tar.bz2,20100630040333,2.0b2pre,17bd6f89d86c,electrolysis
ftp.mozilla.org/pub/mozilla.org/firefox/nightly/2010/07/2010-07-01-04-electrolysis/firefox-4.0b2pre.en-US.linux-i686.tar.bz2,20100701040809,2.0b2pre,5149a5980945,electrolysis
ftp.mozilla.org/pub/mozilla.org/firefox/nightly/2010/07/2010-07-02-04-electrolysis/firefox-4.0b2pre.en-US.linux-i686.tar.bz2,20100702041505,2.0b2pre,5149a5980945,electrolysis
ftp.mozilla.org/pub/mozilla.org/firefox/nightly/2010/07/2010-07-03-04-electrolysis/firefox-4.0b2pre.en-US.linux-i686.tar.bz2,20100703040324,2.0b2pre,5149a5980945,electrolysis
ftp.mozilla.org/pub/mozilla.org/firefox/nightly/2010/07/2010-07-04-04-electrolysis/firefox-4.0b2pre.en-US.linux-i686.tar.bz2,20100704041924,2.0b2pre,5149a5980945,electrolysis
ftp.mozilla.org/pub/mozilla.org/firefox/nightly/2010/07/2010-07-05-04-electrolysis/firefox-4.0b2pre.en-US.linux-i686.tar.bz2,20100705041920,2.0b2pre,5149a5980945,electrolysis
ftp.mozilla.org/pub/mozilla.org/firefox/nightly/2010/07/2010-07-06-04-electrolysis/firefox-4.0b2pre.en-US.linux-i686.tar.bz2,20100706041757,2.0b2pre,5149a5980945,electrolysis
ftp.mozilla.org/pub/mozilla.org/firefox/nightly/2010/07/2010-07-07-04-electrolysis/firefox-4.0b2pre.en-US.linux-i686.tar.bz2,20100707040729,2.0b2pre,5149a5980945,electrolysis
ftp.mozilla.org/pub/mozilla.org/firefox/nightly/2010/07/2010-07-08-04-electrolysis/firefox-4.0b2pre.en-US.linux-i686.tar.bz2,20100708040308,2.0b2pre,5149a5980945,electrolysis
ftp.mozilla.org/pub/mozilla.org/firefox/nightly/2010/07/2010-07-09-04-electrolysis/firefox-4.0b2pre.en-US.linux-i686.tar.bz2,20100709041517,2.0b2pre,5149a5980945,electrolysis
ftp.mozilla.org/pub/mozilla.org/firefox/nightly/2010/07/2010-07-10-04-electrolysis/firefox-4.0b2pre.en-US.linux-i686.tar.bz2,20100710041552,2.0b2pre,5149a5980945,electrolysis
ftp.mozilla.org/pub/mozilla.org/firefox/nightly/2010/07/2010-07-11-04-electrolysis/firefox-4.0b2pre.en-US.linux-i686.tar.bz2,20100711041545,2.0b2pre,5149a5980945,electrolysis
ftp.mozilla.org/pub/mozilla.org/firefox/nightly/2010/07/2010-07-12-04-electrolysis/firefox-4.0b2pre.en-US.linux-i686.tar.bz2,20100712041554,2.0b2pre,5149a5980945,electrolysis
ftp.mozilla.org/pub/mozilla.org/firefox/nightly/2010/07/2010-07-13-04-electrolysis/firefox-4.0b2pre.en-US.linux-i686.tar.bz2,20100713042214,2.0b2pre,5149a5980945,electrolysis
ftp.mozilla.org/pub/mozilla.org/firefox/nightly/2010/07/2010-07-14-04-electrolysis/firefox-4.0b2pre.en-US.linux-i686.tar.bz2,20100714041240,2.0b2pre,5149a5980945,electrolysis
ftp.mozilla.org/pub/mozilla.org/firefox/nightly/2010/07/2010-07-15-04-electrolysis/firefox-4.0b2pre.en-US.linux-i686.tar.bz2,20100715042037,2.0b2pre,5149a5980945,electrolysis
ftp.mozilla.org/pub/mozilla.org/firefox/nightly/2010/07/2010-07-16-04-electrolysis/firefox-4.0b2pre.en-US.linux-i686.tar.bz2,20100716041622,2.0b2pre,5149a5980945,electrolysis
ftp.mozilla.org/pub/mozilla.org/firefox/nightly/2010/07/2010-07-17-04-electrolysis/firefox-4.0b2pre.en-US.linux-i686.tar.bz2,20100717040901,2.0b2pre,f6c93f02146c,electrolysis
ftp.mozilla.org/pub/mozilla.org/firefox/nightly/2010/07/2010-07-18-04-electrolysis/firefox-4.0b2pre.en-US.linux-i686.tar.bz2,20100718041210,2.0b2pre,f6c93f02146c,electrolysis
ftp.mozilla.org/pub/mozilla.org/firefox/nightly/2010/07/2010-07-19-04-electrolysis/firefox-4.0b2pre.en-US.linux-i686.tar.bz2,20100719040257,2.0b2pre,f6c93f02146c,electrolysis
ftp.mozilla.org/pub/mozilla.org/firefox/nightly/2010/07/2010-07-20-04-electrolysis/firefox-4.0b2pre.en-US.linux-i686.tar.bz2,20100720041424,2.0b2pre,f6c93f02146c,electrolysis
ftp.mozilla.org/pub/mozilla.org/firefox/nightly/2010/07/2010-07-21-04-electrolysis/firefox-4.0b2pre.en-US.linux-i686.tar.bz2,20100721040730,2.0b2pre,47ac7a7f8b5b,electrolysis
ftp.mozilla.org/pub/mozilla.org/firefox/nightly/2010/07/2010-07-22-04-electrolysis/firefox-4.0b3pre.en-US.linux-i686.tar.bz2,20100722042216,2.0b3pre,66a38bee840b,electrolysis
ftp.mozilla.org/pub/mozilla.org/firefox/nightly/2010/07/2010-07-23-04-electrolysis/firefox-4.0b3pre.en-US.linux-i686.tar.bz2,20100723041901,2.0b3pre,ff11c8a1815f,electrolysis
ftp.mozilla.org/pub/mozilla.org/firefox/nightly/2010/07/2010-07-24-04-electrolysis/firefox-4.0b3pre.en-US.linux-i686.tar.bz2,20100724042227,2.0b3pre,ff11c8a1815f,electrolysis
ftp.mozilla.org/pub/mozilla.org/firefox/nightly/2010/07/2010-07-25-04-electrolysis/firefox-4.0b3pre.en-US.linux-i686.tar.bz2,20100725041648,2.0b3pre,ff11c8a1815f,electrolysis
ftp.mozilla.org/pub/mozilla.org/firefox/nightly/2010/07/2010-07-26-08-electrolysis/firefox-4.0b3pre.en-US.linux-i686.tar.bz2,20100726080539,2.0b3pre,ff11c8a1815f,electrolysis
ftp.mozilla.org/pub/mozilla.org/firefox/nightly/2010/07/2010-07-27-04-electrolysis/firefox-4.0b3pre.en-US.linux-i686.tar.bz2,20100727040046,2.0b3pre,9cec9e217adb,electrolysis
ftp.mozilla.org/pub/mozilla.org/firefox/nightly/2010/07/2010-07-28-04-electrolysis/firefox-4.0b3pre.en-US.linux-i686.tar.bz2,20100728041543,2.0b3pre,9cec9e217adb,electrolysis
ftp.mozilla.org/pub/mozilla.org/firefox/nightly/2010/07/2010-07-29-03-electrolysis/firefox-4.0b3pre.en-US.linux-i686.tar.bz2,20100729035954,2.0b3pre,9cec9e217adb,electrolysis
ftp.mozilla.org/pub/mozilla.org/firefox/nightly/2010/07/2010-07-30-04-electrolysis/firefox-4.0b3pre.en-US.linux-i686.tar.bz2,20100730040918,2.0b3pre,9cec9e217adb,electrolysis
ftp.mozilla.org/pub/mozilla.org/firefox/nightly/2010/07/2010-07-31-04-electrolysis/firefox-4.0b3pre.en-US.linux-i686.tar.bz2,20100731041840,2.0b3pre,9cec9e217adb,electrolysis
ftp.mozilla.org/pub/mozilla.org/firefox/nightly/2010/08/2010-08-01-04-electrolysis/firefox-4.0b3pre.en-US.linux-i686.tar.bz2,20100801042640,2.0b3pre,9cec9e217adb,electrolysis
ftp.mozilla.org/pub/mozilla.org/firefox/nightly/2010/08/2010-08-02-04-electrolysis/firefox-4.0b3pre.en-US.linux-i686.tar.bz2,20100802041420,2.0b3pre,9cec9e217adb,electrolysis
ftp.mozilla.org/pub/mozilla.org/firefox/nightly/2010/08/2010-08-03-04-electrolysis/firefox-4.0b3pre.en-US.linux-i686.tar.bz2,20100803041405,2.0b3pre,9cec9e217adb,electrolysis
ftp.mozilla.org/pub/mozilla.org/firefox/nightly/2010/08/2010-08-04-04-electrolysis/firefox-4.0b3pre.en-US.linux-i686.tar.bz2,20100804040632,2.0b3pre,55d92a5223aa,electrolysis
ftp.mozilla.org/pub/mozilla.org/firefox/nightly/2010/08/2010-08-06-04-electrolysis/firefox-4.0b4pre.en-US.linux-i686.tar.bz2,20100806041756,2.0b4pre,68ba4a14ff94,electrolysis
ftp.mozilla.org/pub/mozilla.org/firefox/nightly/2010/08/2010-08-07-04-electrolysis/firefox-4.0b4pre.en-US.linux-i686.tar.bz2,20100807041818,2.0b4pre,68ba4a14ff94,electrolysis
ftp.mozilla.org/pub/mozilla.org/firefox/nightly/2010/08/2010-08-08-04-electrolysis/firefox-4.0b4pre.en-US.linux-i686.tar.bz2,20100808041528,2.0b4pre,68ba4a14ff94,electrolysis
ftp.mozilla.org/pub/mozilla.org/firefox/nightly/2010/08/2010-08-09-04-electrolysis/firefox-4.0b4pre.en-US.linux-i686.tar.bz2,20100809041140,2.0b4pre,68ba4a14ff94,electrolysis
ftp.mozilla.org/pub/mozilla.org/firefox/nightly/2010/08/2010-08-10-04-electrolysis/firefox-4.0b4pre.en-US.linux-i686.tar.bz2,20100810042026,2.0b4pre,68ba4a14ff94,electrolysis
ftp.mozilla.org/pub/mozilla.org/firefox/nightly/2010/08/2010-08-11-09-electrolysis/firefox-4.0b4pre.en-US.linux-i686.tar.bz2,20100811095635,2.0b4pre,6d4660297eab,electrolysis
ftp.mozilla.org/pub/mozilla.org/firefox/nightly/2010/08/2010-08-12-04-electrolysis/firefox-4.0b4pre.en-US.linux-i686.tar.bz2,20100812040901,2.0b4pre,d31ddf6547d7,electrolysis
ftp.mozilla.org/pub/mozilla.org/firefox/nightly/2010/08/2010-08-13-04-electrolysis/firefox-4.0b4pre.en-US.linux-i686.tar.bz2,20100813040054,2.0b4pre,5936477a4dc8,electrolysis
ftp.mozilla.org/pub/mozilla.org/firefox/nightly/2010/08/2010-08-14-04-electrolysis/firefox-4.0b4pre.en-US.linux-i686.tar.bz2,20100814041806,2.0b4pre,b71518936b4f,electrolysis
ftp.mozilla.org/pub/mozilla.org/firefox/nightly/2010/08/2010-08-14-20-electrolysis/firefox-4.0b4pre.en-US.linux-i686.tar.bz2,20100814203012,2.0b4pre,0f96e7356ba3,electrolysis
ftp.mozilla.org/pub/mozilla.org/firefox/nightly/2010/08/2010-08-15-04-electrolysis/firefox-4.0b4pre.en-US.linux-i686.tar.bz2,20100815040649,2.0b4pre,b71518936b4f,electrolysis
ftp.mozilla.org/pub/mozilla.org/firefox/nightly/2010/08/2010-08-16-04-electrolysis/firefox-4.0b4pre.en-US.linux-i686.tar.bz2,20100816042011,2.0b4pre,b71518936b4f,electrolysis
ftp.mozilla.org/pub/mozilla.org/firefox/nightly/2010/08/2010-08-16-17-electrolysis/firefox-4.0b5pre.en-US.linux-i686.tar.bz2,20100816173848,2.0b5pre,718efba8384b,electrolysis
ftp.mozilla.org/pub/mozilla.org/firefox/nightly/2010/08/2010-08-17-04-electrolysis/firefox-4.0b4pre.en-US.linux-i686.tar.bz2,20100817041157,2.0b4pre,0f96e7356ba3,electrolysis
ftp.mozilla.org/pub/mozilla.org/firefox/nightly/2010/08/2010-08-17-16-electrolysis/firefox-4.0b5pre.en-US.linux-i686.tar.bz2,20100817165015,2.0b5pre,3c7ac02b55d3,electrolysis
ftp.mozilla.org/pub/mozilla.org/firefox/nightly/2010/08/2010-08-18-16-electrolysis/firefox-4.0b5pre.en-US.linux-i686.tar.bz2,20100818160718,2.0b5pre,2d33f06b0c10,electrolysis
ftp.mozilla.org/pub/mozilla.org/firefox/nightly/2010/08/2010-08-19-04-electrolysis/firefox-4.0b5pre.en-US.linux-i686.tar.bz2,20100819042203,2.0b5pre,5b653aa2a171,electrolysis
ftp.mozilla.org/pub/mozilla.org/firefox/nightly/2010/08/2010-08-23-04-electrolysis/firefox-4.0b5pre.en-US.linux-i686.tar.bz2,20100823042249,2.0b5pre,2d33f06b0c10,electrolysis
ftp.mozilla.org/pub/mozilla.org/firefox/nightly/2010/08/2010-08-24-04-electrolysis/firefox-4.0b5pre.en-US.linux-i686.tar.bz2,20100824041523,2.0b5pre,b663f595d29a,electrolysis
ftp.mozilla.org/pub/mozilla.org/firefox/nightly/2010/08/2010-08-25-05-electrolysis/firefox-4.0b5pre.en-US.linux-i686.tar.bz2,20100825051514,2.0b5pre,b663f595d29a,electrolysis
ftp.mozilla.org/pub/mozilla.org/firefox/nightly/2010/08/2010-08-26-04-electrolysis/firefox-4.0b5pre.en-US.linux-i686.tar.bz2,20100826040930,2.0b5pre,54a5ae891dba,electrolysis
ftp.mozilla.org/pub/mozilla.org/firefox/nightly/2010/08/2010-08-27-04-electrolysis/firefox-4.0b5pre.en-US.linux-i686.tar.bz2,20100827042403,2.0b5pre,54a5ae891dba,electrolysis
ftp.mozilla.org/pub/mozilla.org/firefox/nightly/2010/08/2010-08-28-04-electrolysis/firefox-4.0b5pre.en-US.linux-i686.tar.bz2,20100828041608,2.0b5pre,6608dc5dfabb,electrolysis
ftp.mozilla.org/pub/mozilla.org/firefox/nightly/2010/08/2010-08-29-04-electrolysis/firefox-4.0b5pre.en-US.linux-i686.tar.bz2,20100829041042,2.0b5pre,7652c4f2d60d,electrolysis
ftp.mozilla.org/pub/mozilla.org/firefox/nightly/2010/08/2010-08-30-04-electrolysis/firefox-4.0b5pre.en-US.linux-i686.tar.bz2,20100830041213,2.0b5pre,7652c4f2d60d,electrolysis
ftp.mozilla.org/pub/mozilla.org/firefox/nightly/2010/08/2010-08-31-04-electrolysis/firefox-4.0b5pre.en-US.linux-i686.tar.bz2,20100831042407,2.0b5pre,9c16981468a3,electrolysis
ftp.mozilla.org/pub/mozilla.org/firefox/nightly/2010/09/2010-09-01-04-electrolysis/firefox-4.0b5pre.en-US.linux-i686.tar.bz2,20100901041340,2.0b5pre,2d00495994f6,electrolysis
ftp.mozilla.org/pub/mozilla.org/firefox/nightly/2010/09/2010-09-02-04-electrolysis/firefox-4.0b5pre.en-US.linux-i686.tar.bz2,20100902041734,2.0b5pre,d292d6bb8b0f,electrolysis
ftp.mozilla.org/pub/mozilla.org/firefox/nightly/2010/09/2010-09-03-04-electrolysis/firefox-4.0b5pre.en-US.linux-i686.tar.bz2,20100903041848,2.0b5pre,d292d6bb8b0f,electrolysis
ftp.mozilla.org/pub/mozilla.org/firefox/nightly/2010/09/2010-09-04-04-electrolysis/firefox-4.0b5pre.en-US.linux-i686.tar.bz2,20100904041929,2.0b5pre,d292d6bb8b0f,electrolysis
ftp.mozilla.org/pub/mozilla.org/firefox/nightly/2010/09/2010-09-05-04-electrolysis/firefox-4.0b5pre.en-US.linux-i686.tar.bz2,20100905041533,2.0b5pre,d292d6bb8b0f,electrolysis
ftp.mozilla.org/pub/mozilla.org/firefox/nightly/2010/09/2010-09-06-04-electrolysis/firefox-4.0b5pre.en-US.linux-i686.tar.bz2,20100906042044,2.0b5pre,d292d6bb8b0f,electrolysis
ftp.mozilla.org/pub/mozilla.org/firefox/nightly/2010/09/2010-09-07-04-electrolysis/firefox-4.0b5pre.en-US.linux-i686.tar.bz2,20100907040445,2.0b5pre,d292d6bb8b0f,electrolysis
ftp.mozilla.org/pub/mozilla.org/firefox/nightly/2010/09/2010-09-09-04-electrolysis/firefox-4.0b5pre.en-US.linux-i686.tar.bz2,20100909042020,2.0b5pre,d292d6bb8b0f,electrolysis
ftp.mozilla.org/pub/mozilla.org/firefox/nightly/2010/09/2010-09-10-04-electrolysis/firefox-4.0b5pre.en-US.linux-i686.tar.bz2,20100910042533,2.0b5pre,d292d6bb8b0f,electrolysis
ftp.mozilla.org/pub/mozilla.org/firefox/nightly/2010/09/2010-09-11-04-electrolysis/firefox-4.0b5pre.en-US.linux-i686.tar.bz2,20100911041618,2.0b5pre,d292d6bb8b0f,electrolysis
ftp.mozilla.org/pub/mozilla.org/firefox/nightly/2010/09/2010-09-12-04-electrolysis/firefox-4.0b5pre.en-US.linux-i686.tar.bz2,20100912042925,2.0b5pre,d292d6bb8b0f,electrolysis
ftp.mozilla.org/pub/mozilla.org/firefox/nightly/2010/09/2010-09-13-04-electrolysis/firefox-4.0b5pre.en-US.linux-i686.tar.bz2,20100913045743,2.0b5pre,d292d6bb8b0f,electrolysis
ftp.mozilla.org/pub/mozilla.org/firefox/nightly/2010/09/2010-09-14-04-electrolysis/firefox-4.0b5pre.en-US.linux-i686.tar.bz2,20100914042744,2.0b5pre,d292d6bb8b0f,electrolysis
ftp.mozilla.org/pub/mozilla.org/firefox/nightly/2010/09/2010-09-15-04-electrolysis/firefox-4.0b5pre.en-US.linux-i686.tar.bz2,20100915040649,2.0b5pre,d292d6bb8b0f,electrolysis
ftp.mozilla.org/pub/mozilla.org/firefox/nightly/2010/09/2010-09-16-04-electrolysis/firefox-4.0b5pre.en-US.linux-i686.tar.bz2,20100916041309,2.0b5pre,d292d6bb8b0f,electrolysis
ftp.mozilla.org/pub/mozilla.org/firefox/nightly/2010/09/2010-09-17-04-electrolysis/firefox-4.0b5pre.en-US.linux-i686.tar.bz2,20100917040705,2.0b5pre,d292d6bb8b0f,electrolysis
ftp.mozilla.org/pub/mozilla.org/firefox/nightly/2010/09/2010-09-18-04-electrolysis/firefox-4.0b5pre.en-US.linux-i686.tar.bz2,20100918040632,2.0b5pre,d292d6bb8b0f,electrolysis
ftp.mozilla.org/pub/mozilla.org/firefox/nightly/2010/09/2010-09-19-04-electrolysis/firefox-4.0b5pre.en-US.linux-i686.tar.bz2,20100919043025,2.0b5pre,d292d6bb8b0f,electrolysis
ftp.mozilla.org/pub/mozilla.org/firefox/nightly/2010/09/2010-09-20-04-electrolysis/firefox-4.0b5pre.en-US.linux-i686.tar.bz2,20100920041946,2.0b5pre,d292d6bb8b0f,electrolysis
ftp.mozilla.org/pub/mozilla.org/firefox/nightly/2010/09/2010-09-21-04-electrolysis/firefox-4.0b5pre.en-US.linux-i686.tar.bz2,20100921040619,2.0b5pre,d292d6bb8b0f,electrolysis
ftp.mozilla.org/pub/mozilla.org/firefox/nightly/2010/09/2010-09-22-03-electrolysis/firefox-4.0b5pre.en-US.linux-i686.tar.bz2,20100922035952,2.0b5pre,d292d6bb8b0f,electrolysis
ftp.mozilla.org/pub/mozilla.org/firefox/nightly/2010/09/2010-09-23-04-electrolysis/firefox-4.0b5pre.en-US.linux-i686.tar.bz2,20100923041347,2.0b5pre,d292d6bb8b0f,electrolysis
ftp.mozilla.org/pub/mozilla.org/firefox/nightly/2010/09/2010-09-24-04-electrolysis/firefox-4.0b5pre.en-US.linux-i686.tar.bz2,20100924041526,2.0b5pre,d292d6bb8b0f,electrolysis
ftp.mozilla.org/pub/mozilla.org/firefox/nightly/2010/09/2010-09-25-04-electrolysis/firefox-4.0b5pre.en-US.linux-i686.tar.bz2,20100925041136,2.0b5pre,d292d6bb8b0f,electrolysis
ftp.mozilla.org/pub/mozilla.org/firefox/nightly/2010/09/2010-09-26-03-electrolysis/firefox-4.0b5pre.en-US.linux-i686.tar.bz2,20100926035853,2.0b5pre,d292d6bb8b0f,electrolysis
ftp.mozilla.org/pub/mozilla.org/firefox/nightly/2010/09/2010-09-27-04-electrolysis/firefox-4.0b5pre.en-US.linux-i686.tar.bz2,20100927041124,2.0b5pre,d292d6bb8b0f,electrolysis
ftp.mozilla.org/pub/mozilla.org/firefox/nightly/2010/09/2010-09-28-04-electrolysis/firefox-4.0b5pre.en-US.linux-i686.tar.bz2,20100928040416,2.0b5pre,d292d6bb8b0f,electrolysis
ftp.mozilla.org/pub/mozilla.org/firefox/nightly/2010/09/2010-09-29-04-electrolysis/firefox-4.0b5pre.en-US.linux-i686.tar.bz2,20100929040032,2.0b5pre,d292d6bb8b0f,electrolysis
ftp.mozilla.org/pub/mozilla.org/firefox/nightly/2010/09/2010-09-29-20-electrolysis/firefox-4.0b5pre.en-US.linux-i686.tar.bz2,20100929203510,2.0b5pre,d292d6bb8b0f,electrolysis
ftp.mozilla.org/pub/mozilla.org/firefox/nightly/2010/09/2010-09-30-04-electrolysis/firefox-4.0b5pre.en-US.linux-i686.tar.bz2,20100930042417,2.0b5pre,d292d6bb8b0f,electrolysis
ftp.mozilla.org/pub/mozilla.org/firefox/nightly/2010/10/2010-10-01-04-electrolysis/firefox-4.0b5pre.en-US.linux-i686.tar.bz2,20101001040434,2.0b5pre,d292d6bb8b0f,electrolysis
ftp.mozilla.org/pub/mozilla.org/firefox/nightly/2010/10/2010-10-05-04-electrolysis/firefox-4.0b5pre.en-US.linux-i686.tar.bz2,20101005042610,2.0b5pre,d292d6bb8b0f,electrolysis
ftp.mozilla.org/pub/mozilla.org/firefox/nightly/2010/10/2010-10-06-04-electrolysis/firefox-4.0b5pre.en-US.linux-i686.tar.bz2,20101006041843,2.0b5pre,d292d6bb8b0f,electrolysis
ftp.mozilla.org/pub/mozilla.org/firefox/nightly/2010/10/2010-10-07-04-electrolysis/firefox-4.0b5pre.en-US.linux-i686.tar.bz2,20101007040823,2.0b5pre,d292d6bb8b0f,electrolysis
ftp.mozilla.org/pub/mozilla.org/firefox/nightly/2010/10/2010-10-08-04-electrolysis/firefox-4.0b5pre.en-US.linux-i686.tar.bz2,20101008042333,2.0b5pre,d292d6bb8b0f,electrolysis
ftp.mozilla.org/pub/mozilla.org/firefox/nightly/2010/10/2010-10-09-04-electrolysis/firefox-4.0b5pre.en-US.linux-i686.tar.bz2,20101009043531,2.0b5pre,d292d6bb8b0f,electrolysis
ftp.mozilla.org/pub/mozilla.org/firefox/nightly/2010/10/2010-10-10-04-electrolysis/firefox-4.0b5pre.en-US.linux-i686.tar.bz2,20101010042602,2.0b5pre,d292d6bb8b0f,electrolysis
ftp.mozilla.org/pub/mozilla.org/firefox/nightly/2010/10/2010-10-11-04-electrolysis/firefox-4.0b5pre.en-US.linux-i686.tar.bz2,20101011041503,2.0b5pre,d292d6bb8b0f,electrolysis
ftp.mozilla.org/pub/mozilla.org/firefox/nightly/2010/10/2010-10-12-04-electrolysis/firefox-4.0b5pre.en-US.linux-i686.tar.bz2,20101012041710,2.0b5pre,d292d6bb8b0f,electrolysis
ftp.mozilla.org/pub/mozilla.org/firefox/nightly/2010/10/2010-10-13-04-electrolysis/firefox-4.0b5pre.en-US.linux-i686.tar.bz2,20101013041503,2.0b5pre,d292d6bb8b0f,electrolysis
ftp.mozilla.org/pub/mozilla.org/firefox/nightly/2010/10/2010-10-14-04-electrolysis/firefox-4.0b5pre.en-US.linux-i686.tar.bz2,20101014041830,2.0b5pre,d292d6bb8b0f,electrolysis
ftp.mozilla.org/pub/mozilla.org/firefox/nightly/2010/10/2010-10-15-04-electrolysis/firefox-4.0b5pre.en-US.linux-i686.tar.bz2,20101015041504,2.0b5pre,d292d6bb8b0f,electrolysis
ftp.mozilla.org/pub/mozilla.org/firefox/nightly/2010/10/2010-10-16-04-electrolysis/firefox-4.0b5pre.en-US.linux-i686.tar.bz2,20101016041157,2.0b5pre,d292d6bb8b0f,electrolysis
ftp.mozilla.org/pub/mozilla.org/firefox/nightly/2010/10/2010-10-17-04-electrolysis/firefox-4.0b5pre.en-US.linux-i686.tar.bz2,20101017041152,2.0b5pre,d292d6bb8b0f,electrolysis
ftp.mozilla.org/pub/mozilla.org/firefox/nightly/2010/10/2010-10-18-04-electrolysis/firefox-4.0b5pre.en-US.linux-i686.tar.bz2,20101018041617,2.0b5pre,d292d6bb8b0f,electrolysis
ftp.mozilla.org/pub/mozilla.org/firefox/nightly/2010/10/2010-10-19-04-electrolysis/firefox-4.0b5pre.en-US.linux-i686.tar.bz2,20101019041209,2.0b5pre,d292d6bb8b0f,electrolysis
ftp.mozilla.org/pub/mozilla.org/firefox/nightly/2010/10/2010-10-20-04-electrolysis/firefox-4.0b5pre.en-US.linux-i686.tar.bz2,20101020043452,2.0b5pre,d292d6bb8b0f,electrolysis
ftp.mozilla.org/pub/mozilla.org/firefox/nightly/2010/10/2010-10-21-04-electrolysis/firefox-4.0b5pre.en-US.linux-i686.tar.bz2,20101021040715,2.0b5pre,d292d6bb8b0f,electrolysis
ftp.mozilla.org/pub/mozilla.org/firefox/nightly/2010/10/2010-10-22-04-electrolysis/firefox-4.0b5pre.en-US.linux-i686.tar.bz2,20101022040844,2.0b5pre,d292d6bb8b0f,electrolysis
ftp.mozilla.org/pub/mozilla.org/firefox/nightly/2010/10/2010-10-22-16-electrolysis/firefox-4.0b5pre.en-US.linux-i686.tar.bz2,20101022165536,2.0b5pre,d292d6bb8b0f,electrolysis
ftp.mozilla.org/pub/mozilla.org/firefox/nightly/2010/10/2010-10-23-04-electrolysis/firefox-4.0b5pre.en-US.linux-i686.tar.bz2,20101023041036,2.0b5pre,d292d6bb8b0f,electrolysis
ftp.mozilla.org/pub/mozilla.org/firefox/nightly/2010/10/2010-10-24-04-electrolysis/firefox-4.0b5pre.en-US.linux-i686.tar.bz2,20101024040750,2.0b5pre,d292d6bb8b0f,electrolysis
ftp.mozilla.org/pub/mozilla.org/firefox/nightly/2010/10/2010-10-25-04-electrolysis/firefox-4.0b5pre.en-US.linux-i686.tar.bz2,20101025040347,2.0b5pre,d292d6bb8b0f,electrolysis
ftp.mozilla.org/pub/mozilla.org/firefox/nightly/2010/10/2010-10-26-04-electrolysis/firefox-4.0b5pre.en-US.linux-i686.tar.bz2,20101026041317,2.0b5pre,d292d6bb8b0f,electrolysis
ftp.mozilla.org/pub/mozilla.org/firefox/nightly/2010/10/2010-10-28-04-electrolysis/firefox-4.0b5pre.en-US.linux-i686.tar.bz2,20101028041702,2.0b5pre,d292d6bb8b0f,electrolysis
ftp.mozilla.org/pub/mozilla.org/firefox/nightly/2010/10/2010-10-29-04-electrolysis/firefox-4.0b5pre.en-US.linux-i686.tar.bz2,20101029042425,2.0b5pre,d292d6bb8b0f,electrolysis
ftp.mozilla.org/pub/mozilla.org/firefox/nightly/2010/10/2010-10-30-04-electrolysis/firefox-4.0b5pre.en-US.linux-i686.tar.bz2,20101030045800,2.0b5pre,d292d6bb8b0f,electrolysis
ftp.mozilla.org/pub/mozilla.org/firefox/nightly/2010/10/2010-10-31-04-electrolysis/firefox-4.0b5pre.en-US.linux-i686.tar.bz2,20101031042401,2.0b5pre,d292d6bb8b0f,electrolysis
ftp.mozilla.org/pub/mozilla.org/firefox/nightly/2010/11/2010-11-01-04-electrolysis/firefox-4.0b5pre.en-US.linux-i686.tar.bz2,20101101041805,2.0b5pre,d292d6bb8b0f,electrolysis
ftp.mozilla.org/pub/mozilla.org/firefox/nightly/2010/11/2010-11-02-04-electrolysis/firefox-4.0b5pre.en-US.linux-i686.tar.bz2,20101102040101,2.0b5pre,d292d6bb8b0f,electrolysis
ftp.mozilla.org/pub/mozilla.org/firefox/nightly/2010/11/2010-11-03-04-electrolysis/firefox-4.0b5pre.en-US.linux-i686.tar.bz2,20101103041938,2.0b5pre,d292d6bb8b0f,electrolysis
ftp.mozilla.org/pub/mozilla.org/firefox/nightly/2010/11/2010-11-04-04-electrolysis/firefox-4.0b5pre.en-US.linux-i686.tar.bz2,20101104040930,2.0b5pre,d292d6bb8b0f,electrolysis
ftp.mozilla.org/pub/mozilla.org/firefox/nightly/2010/11/2010-11-05-04-electrolysis/firefox-4.0b5pre.en-US.linux-i686.tar.bz2,20101105042027,2.0b5pre,d292d6bb8b0f,electrolysis
ftp.mozilla.org/pub/mozilla.org/firefox/nightly/2010/11/2010-11-06-04-electrolysis/firefox-4.0b5pre.en-US.linux-i686.tar.bz2,20101106040548,2.0b5pre,d292d6bb8b0f,electrolysis
ftp.mozilla.org/pub/mozilla.org/firefox/nightly/2010/11/2010-11-07-04-electrolysis/firefox-4.0b5pre.en-US.linux-i686.tar.bz2,20101107041320,2.0b5pre,d292d6bb8b0f,electrolysis
ftp.mozilla.org/pub/mozilla.org/firefox/nightly/2010/11/2010-11-08-02-electrolysis/firefox-4.0b5pre.en-US.linux-i686.tar.bz2,20101108020424,2.0b5pre,d292d6bb8b0f,electrolysis
ftp.mozilla.org/pub/mozilla.org/firefox/nightly/2010/11/2010-11-09-04-electrolysis/firefox-4.0b5pre.en-US.linux-i686.tar.bz2,20101109041059,2.0b5pre,d292d6bb8b0f,electrolysis
ftp.mozilla.org/pub/mozilla.org/firefox/nightly/2010/11/2010-11-10-04-electrolysis/firefox-4.0b5pre.en-US.linux-i686.tar.bz2,20101110041307,2.0b5pre,d292d6bb8b0f,electrolysis
ftp.mozilla.org/pub/mozilla.org/firefox/nightly/2010/11/2010-11-11-04-electrolysis/firefox-4.0b5pre.en-US.linux-i686.tar.bz2,20101111041956,2.0b5pre,d292d6bb8b0f,electrolysis
ftp.mozilla.org/pub/mozilla.org/firefox/nightly/2010/11/2010-11-12-04-electrolysis/firefox-4.0b5pre.en-US.linux-i686.tar.bz2,20101112041547,2.0b5pre,d292d6bb8b0f,electrolysis
ftp.mozilla.org/pub/mozilla.org/firefox/nightly/2010/11/2010-11-13-04-electrolysis/firefox-4.0b5pre.en-US.linux-i686.tar.bz2,20101113042231,2.0b5pre,d292d6bb8b0f,electrolysis
ftp.mozilla.org/pub/mozilla.org/firefox/nightly/2010/11/2010-11-14-04-electrolysis/firefox-4.0b5pre.en-US.linux-i686.tar.bz2,20101114043311,2.0b5pre,d292d6bb8b0f,electrolysis
ftp.mozilla.org/pub/mozilla.org/firefox/nightly/2010/11/2010-11-15-04-electrolysis/firefox-4.0b5pre.en-US.linux-i686.tar.bz2,20101115041654,2.0b5pre,d292d6bb8b0f,electrolysis
ftp.mozilla.org/pub/mozilla.org/firefox/nightly/2010/11/2010-11-16-04-electrolysis/firefox-4.0b5pre.en-US.linux-i686.tar.bz2,20101116041146,2.0b5pre,d292d6bb8b0f,electrolysis
ftp.mozilla.org/pub/mozilla.org/firefox/nightly/2010/11/2010-11-17-04-electrolysis/firefox-4.0b5pre.en-US.linux-i686.tar.bz2,20101117041129,2.0b5pre,d292d6bb8b0f,electrolysis
ftp.mozilla.org/pub/mozilla.org/firefox/nightly/2010/11/2010-11-18-09-electrolysis/firefox-4.0b5pre.en-US.linux-i686.tar.bz2,20101118095114,2.0b5pre,d292d6bb8b0f,electrolysis
ftp.mozilla.org/pub/mozilla.org/firefox/nightly/2010/11/2010-11-19-04-electrolysis/firefox-4.0b5pre.en-US.linux-i686.tar.bz2,20101119041051,2.0b5pre,d292d6bb8b0f,electrolysis
ftp.mozilla.org/pub/mozilla.org/firefox/nightly/2010/11/2010-11-20-04-electrolysis/firefox-4.0b5pre.en-US.linux-i686.tar.bz2,20101120041441,2.0b5pre,d292d6bb8b0f,electrolysis
ftp.mozilla.org/pub/mozilla.org/firefox/nightly/2010/11/2010-11-21-04-electrolysis/firefox-4.0b5pre.en-US.linux-i686.tar.bz2,20101121041518,2.0b5pre,d292d6bb8b0f,electrolysis
ftp.mozilla.org/pub/mozilla.org/firefox/nightly/2010/11/2010-11-22-04-electrolysis/firefox-4.0b5pre.en-US.linux-i686.tar.bz2,20101122040635,2.0b5pre,d292d6bb8b0f,electrolysis
ftp.mozilla.org/pub/mozilla.org/firefox/nightly/2010/11/2010-11-23-04-electrolysis/firefox-4.0b5pre.en-US.linux-i686.tar.bz2,20101123040640,2.0b5pre,d292d6bb8b0f,electrolysis
ftp.mozilla.org/pub/mozilla.org/firefox/nightly/2010/11/2010-11-24-04-electrolysis/firefox-4.0b5pre.en-US.linux-i686.tar.bz2,20101124041130,2.0b5pre,d292d6bb8b0f,electrolysis
ftp.mozilla.org/pub/mozilla.org/firefox/nightly/2010/11/2010-11-25-04-electrolysis/firefox-4.0b5pre.en-US.linux-i686.tar.bz2,20101125040229,2.0b5pre,d292d6bb8b0f,electrolysis
ftp.mozilla.org/pub/mozilla.org/firefox/nightly/2010/11/2010-11-26-04-electrolysis/firefox-4.0b5pre.en-US.linux-i686.tar.bz2,20101126040223,2.0b5pre,d292d6bb8b0f,electrolysis
ftp.mozilla.org/pub/mozilla.org/firefox/nightly/2010/11/2010-11-27-04-electrolysis/firefox-4.0b5pre.en-US.linux-i686.tar.bz2,20101127040243,2.0b5pre,d292d6bb8b0f,electrolysis
ftp.mozilla.org/pub/mozilla.org/firefox/nightly/2010/11/2010-11-28-04-electrolysis/firefox-4.0b5pre.en-US.linux-i686.tar.bz2,20101128040222,2.0b5pre,d292d6bb8b0f,electrolysis
ftp.mozilla.org/pub/mozilla.org/firefox/nightly/2010/11/2010-11-29-04-electrolysis/firefox-4.0b5pre.en-US.linux-i686.tar.bz2,20101129040228,2.0b5pre,d292d6bb8b0f,electrolysis
ftp.mozilla.org/pub/mozilla.org/firefox/nightly/2010/11/2010-11-30-04-electrolysis/firefox-4.0b5pre.en-US.linux-i686.tar.bz2,20101130043042,2.0b5pre,d292d6bb8b0f,electrolysis
ftp.mozilla.org/pub/mozilla.org/firefox/nightly/2010/12/2010-12-02-04-electrolysis/firefox-4.0b5pre.en-US.linux-i686.tar.bz2,20101202040220,2.0b5pre,d292d6bb8b0f,electrolysis
ftp.mozilla.org/pub/mozilla.org/firefox/nightly/2010/12/2010-12-03-04-electrolysis/firefox-4.0b5pre.en-US.linux-i686.tar.bz2,20101203040222,2.0b5pre,d292d6bb8b0f,electrolysis
ftp.mozilla.org/pub/mozilla.org/firefox/nightly/2010/12/2010-12-04-04-electrolysis/firefox-4.0b5pre.en-US.linux-i686.tar.bz2,20101204040232,2.0b5pre,d292d6bb8b0f,electrolysis
ftp.mozilla.org/pub/mozilla.org/firefox/nightly/2010/12/2010-12-05-04-electrolysis/firefox-4.0b5pre.en-US.linux-i686.tar.bz2,20101205040235,2.0b5pre,d292d6bb8b0f,electrolysis
ftp.mozilla.org/pub/mozilla.org/firefox/nightly/2010/12/2010-12-06-04-electrolysis/firefox-4.0b5pre.en-US.linux-i686.tar.bz2,20101206040223,2.0b5pre,d292d6bb8b0f,electrolysis
ftp.mozilla.org/pub/mozilla.org/firefox/nightly/2010/12/2010-12-07-04-electrolysis/firefox-4.0b5pre.en-US.linux-i686.tar.bz2,20101207040236,2.0b5pre,d292d6bb8b0f,electrolysis
ftp.mozilla.org/pub/mozilla.org/firefox/nightly/2010/12/2010-12-08-04-electrolysis/firefox-4.0b5pre.en-US.linux-i686.tar.bz2,20101208040237,2.0b5pre,d292d6bb8b0f,electrolysis
ftp.mozilla.org/pub/mozilla.org/firefox/nightly/2010/12/2010-12-09-04-electrolysis/firefox-4.0b5pre.en-US.linux-i686.tar.bz2,20101209040228,2.0b5pre,d292d6bb8b0f,electrolysis
ftp.mozilla.org/pub/mozilla.org/firefox/nightly/2010/12/2010-12-10-04-electrolysis/firefox-4.0b5pre.en-US.linux-i686.tar.bz2,20101210040234,2.0b5pre,d292d6bb8b0f,electrolysis
ftp.mozilla.org/pub/mozilla.org/firefox/nightly/2010/12/2010-12-11-04-electrolysis/firefox-4.0b5pre.en-US.linux-i686.tar.bz2,20101211040228,2.0b5pre,d292d6bb8b0f,electrolysis
ftp.mozilla.org/pub/mozilla.org/firefox/nightly/2010/12/2010-12-12-04-electrolysis/firefox-4.0b5pre.en-US.linux-i686.tar.bz2,20101212040234,2.0b5pre,d292d6bb8b0f,electrolysis
ftp.mozilla.org/pub/mozilla.org/firefox/nightly/2010/12/2010-12-13-04-electrolysis/firefox-4.0b5pre.en-US.linux-i686.tar.bz2,20101213040232,2.0b5pre,d292d6bb8b0f,electrolysis
ftp.mozilla.org/pub/mozilla.org/firefox/nightly/2010/12/2010-12-14-04-electrolysis/firefox-4.0b5pre.en-US.linux-i686.tar.bz2,20101214040224,2.0b5pre,d292d6bb8b0f,electrolysis
